timeOpen;timeClose;timeHigh;timeLow;name;open;high;low;close;volume;marketCap;timestamp
"2024-11-03T00:00:00.000Z";"2024-11-03T23:59:59.999Z";"2024-11-03T00:04:00.000Z";"2024-11-03T15:47:00.000Z";"2781";0.1593156109;0.1596268172;0.1428225283;0.1514539467;2214868457.56;22209728524.57;"2024-11-03T23:59:59.999Z"
"2024-11-02T00:00:00.000Z";"2024-11-02T23:59:59.999Z";"2024-11-02T02:30:00.000Z";"2024-11-02T15:13:00.000Z";"2781";0.1591894054;0.1632980605;0.1560348035;0.1593156109;1342216649.16;23360406035.08;"2024-11-02T23:59:59.999Z"
"2024-11-01T00:00:00.000Z";"2024-11-01T23:59:59.999Z";"2024-11-01T14:14:00.000Z";"2024-11-01T07:17:00.000Z";"2781";0.1613720051;0.1682423249;0.1544202869;0.1591848607;2406203136.21;23339038998.57;"2024-11-01T23:59:59.999Z"
"2024-10-31T00:00:00.000Z";"2024-10-31T23:59:59.999Z";"2024-10-31T10:51:00.000Z";"2024-10-31T21:04:00.000Z";"2781";0.168146155;0.1729968579;0.1565456783;0.1613718333;2213630994.68;23657511070.52;"2024-10-31T23:59:59.999Z"
"2024-10-30T00:00:00.000Z";"2024-10-30T23:59:59.999Z";"2024-10-30T06:11:00.000Z";"2024-10-30T16:03:00.000Z";"2781";0.1758394816;0.1775350977;0.165250387;0.168146155;2319205432.76;24648305482.37;"2024-10-30T23:59:59.999Z"
"2024-10-29T00:00:00.000Z";"2024-10-29T23:59:59.999Z";"2024-10-29T16:49:00.000Z";"2024-10-29T00:10:00.000Z";"2781";0.1611517932;0.1792265197;0.1608260915;0.1758387441;3785378329.64;25773524594.18;"2024-10-29T23:59:59.999Z"
"2024-10-28T00:00:00.000Z";"2024-10-28T23:59:59.999Z";"2024-10-28T23:43:00.000Z";"2024-10-28T01:30:00.000Z";"2781";0.1443111558;0.1620104399;0.1411762691;0.1611502023;3078140198.56;23618356780.52;"2024-10-28T23:59:59.999Z"
"2024-10-27T00:00:00.000Z";"2024-10-27T23:59:59.999Z";"2024-10-27T23:21:00.000Z";"2024-10-27T01:25:00.000Z";"2781";0.1373570997;0.1458568217;0.1360573378;0.144311944;1129296560.02;21148427033.48;"2024-10-27T23:59:59.999Z"
"2024-10-26T00:00:00.000Z";"2024-10-26T23:59:59.999Z";"2024-10-26T17:37:00.000Z";"2024-10-26T00:07:00.000Z";"2781";0.1310130451;0.1378312481;0.1308393151;0.1373570997;947921668.95;20127138178.27;"2024-10-26T23:59:59.999Z"
"2024-10-25T00:00:00.000Z";"2024-10-25T23:59:59.999Z";"2024-10-25T00:23:00.000Z";"2024-10-25T23:25:00.000Z";"2781";0.1419880672;0.142399507;0.128547758;0.1310130451;1458877963.81;19196017794.98;"2024-10-25T23:59:59.999Z"
"2024-10-24T00:00:00.000Z";"2024-10-24T23:59:59.999Z";"2024-10-24T21:25:00.000Z";"2024-10-24T09:07:00.000Z";"2781";0.1399006369;0.1435020279;0.1364499753;0.1419866231;1349772911.8;20801954170.05;"2024-10-24T23:59:59.999Z"
"2024-10-23T00:00:00.000Z";"2024-10-23T23:59:59.999Z";"2024-10-23T06:43:00.000Z";"2024-10-23T18:08:00.000Z";"2781";0.13951063;0.1406042079;0.133279049;0.1384974581;1430747358.97;20288781597.99;"2024-10-23T23:59:59.999Z"
"2024-10-22T00:00:00.000Z";"2024-10-22T23:59:59.999Z";"2024-10-22T02:13:00.000Z";"2024-10-22T17:03:00.000Z";"2781";0.1436901436;0.1478829475;0.1368475193;0.1395078914;1647303197.64;20435382643.74;"2024-10-22T23:59:59.999Z"
"2024-10-21T00:00:00.000Z";"2024-10-21T23:59:59.999Z";"2024-10-21T06:25:00.000Z";"2024-10-21T16:29:00.000Z";"2781";0.1420838818;0.1495332498;0.1384328205;0.1436901436;2075196142.2;21045626660.77;"2024-10-21T23:59:59.999Z"
"2024-10-20T00:00:00.000Z";"2024-10-20T23:59:59.999Z";"2024-10-20T00:12:00.000Z";"2024-10-20T13:16:00.000Z";"2781";0.1445261205;0.1452458058;0.137577114;0.1420825397;1456913936.72;20808416988.17;"2024-10-20T23:59:59.999Z"
"2024-10-19T00:00:00.000Z";"2024-10-19T23:59:59.999Z";"2024-10-19T23:28:00.000Z";"2024-10-19T00:01:00.000Z";"2781";0.1372125326;0.1465441587;0.1371899858;0.1445269059;1898579280.29;21164101056.59;"2024-10-19T23:59:59.999Z"
"2024-10-18T00:00:00.000Z";"2024-10-18T23:59:59.999Z";"2024-10-18T17:09:00.000Z";"2024-10-18T00:18:00.000Z";"2781";0.1296597782;0.1405272967;0.1296473528;0.1372125326;2216997634.62;20091222471.18;"2024-10-18T23:59:59.999Z"
"2024-10-17T00:00:00.000Z";"2024-10-17T23:59:59.999Z";"2024-10-17T21:25:00.000Z";"2024-10-17T14:38:00.000Z";"2781";0.1257728945;0.1306493251;0.1207615683;0.1296583089;1557107116.6;18983516175.33;"2024-10-17T23:59:59.999Z"
"2024-10-16T00:00:00.000Z";"2024-10-16T23:59:59.999Z";"2024-10-16T20:50:00.000Z";"2024-10-16T01:15:00.000Z";"2781";0.1175247696;0.1294436242;0.1159310318;0.1257727063;2270276586.21;18412712352.16;"2024-10-16T23:59:59.999Z"
"2024-10-15T00:00:00.000Z";"2024-10-15T23:59:59.999Z";"2024-10-15T00:28:00.000Z";"2024-10-15T15:10:00.000Z";"2781";0.116653846;0.1187918186;0.110511788;0.1175268176;1367247373.39;17203592660.92;"2024-10-15T23:59:59.999Z"
"2024-10-14T00:00:00.000Z";"2024-10-14T23:59:59.999Z";"2024-10-14T23:02:00.000Z";"2024-10-14T02:08:00.000Z";"2781";0.1113357708;0.1174559213;0.1094292381;0.116653846;1038038455.24;17074515702.7;"2024-10-14T23:59:59.999Z"
"2024-10-13T00:00:00.000Z";"2024-10-13T23:59:59.999Z";"2024-10-13T00:46:00.000Z";"2024-10-13T15:31:00.000Z";"2781";0.1114157844;0.1120046349;0.1087990126;0.1113356517;573648912.85;16294580844.2;"2024-10-13T23:59:59.999Z"
"2024-10-12T00:00:00.000Z";"2024-10-12T23:59:59.999Z";"2024-10-12T11:25:00.000Z";"2024-10-12T03:30:00.000Z";"2781";0.1107330672;0.1120580442;0.1094567453;0.1114161535;519024337.99;16304771549.23;"2024-10-12T23:59:59.999Z"
"2024-10-11T00:00:00.000Z";"2024-10-11T23:59:59.999Z";"2024-10-11T21:37:00.000Z";"2024-10-11T01:38:00.000Z";"2781";0.1059797914;0.1113435292;0.1057021384;0.1107330672;650490847.35;16203356714.08;"2024-10-11T23:59:59.999Z"
"2024-10-10T00:00:00.000Z";"2024-10-10T23:59:59.999Z";"2024-10-10T05:55:00.000Z";"2024-10-10T18:11:00.000Z";"2781";0.1079374814;0.1084502475;0.1033075052;0.1059797914;749185962.84;15506352255.03;"2024-10-10T23:59:59.999Z"
"2024-10-09T00:00:00.000Z";"2024-10-09T23:59:59.999Z";"2024-10-09T15:28:00.000Z";"2024-10-09T21:02:00.000Z";"2781";0.1070442115;0.1111318378;0.1063772752;0.1079385699;667785122.65;15791356756.64;"2024-10-09T23:59:59.999Z"
"2024-10-08T00:00:00.000Z";"2024-10-08T23:59:59.999Z";"2024-10-08T02:11:00.000Z";"2024-10-08T15:37:00.000Z";"2781";0.1086516875;0.1097041147;0.1053524436;0.1070442115;615072080.71;15659195446.25;"2024-10-08T23:59:59.999Z"
"2024-10-07T00:00:00.000Z";"2024-10-07T23:59:59.999Z";"2024-10-07T02:04:00.000Z";"2024-10-07T23:59:00.000Z";"2781";0.1114800858;0.115209053;0.1086545304;0.1086545304;849108258.08;15892862220.29;"2024-10-07T23:59:59.999Z"
"2024-10-06T00:00:00.000Z";"2024-10-06T23:59:59.999Z";"2024-10-06T16:07:00.000Z";"2024-10-06T07:00:00.000Z";"2781";0.1094870218;0.1126559745;0.1085116204;0.1114800858;435305366.07;16305060217.11;"2024-10-06T23:59:59.999Z"
"2024-10-05T00:00:00.000Z";"2024-10-05T23:59:59.999Z";"2024-10-05T01:14:00.000Z";"2024-10-05T21:07:00.000Z";"2781";0.1092640102;0.1100627052;0.1077266345;0.1094873968;391880786.53;16012063777.63;"2024-10-05T23:59:59.999Z"
"2024-10-04T00:00:00.000Z";"2024-10-04T23:59:59.999Z";"2024-10-04T20:08:00.000Z";"2024-10-04T01:03:00.000Z";"2781";0.1050993499;0.110437355;0.1049593742;0.1092640102;670077063.08;15977956621.78;"2024-10-04T23:59:59.999Z"
"2024-10-03T00:00:00.000Z";"2024-10-03T23:59:59.999Z";"2024-10-03T03:34:00.000Z";"2024-10-03T09:10:00.000Z";"2781";0.1047583655;0.1066378995;0.1015288455;0.1050993499;825842052.08;15367519365.48;"2024-10-03T23:59:59.999Z"
"2024-10-02T00:00:00.000Z";"2024-10-02T23:59:59.999Z";"2024-10-02T07:49:00.000Z";"2024-10-02T19:23:00.000Z";"2781";0.1070427564;0.1094108875;0.1025085249;0.1047589046;910153432.39;15316222632.04;"2024-10-02T23:59:59.999Z"
"2024-10-01T00:00:00.000Z";"2024-10-01T23:59:59.999Z";"2024-10-01T11:16:00.000Z";"2024-10-01T17:24:00.000Z";"2781";0.1144268999;0.1192741118;0.103955219;0.1070427564;1332235464.16;15648760007.25;"2024-10-01T23:59:59.999Z"
"2024-09-30T00:00:00.000Z";"2024-09-30T23:59:59.999Z";"2024-09-30T00:00:00.000Z";"2024-09-30T23:46:00.000Z";"2781";0.1246688267;0.1246689304;0.1137389859;0.1144275593;976744754.62;16726681232.93;"2024-09-30T23:59:59.999Z"
"2024-09-29T00:00:00.000Z";"2024-09-29T23:59:59.999Z";"2024-09-29T02:51:00.000Z";"2024-09-29T23:44:00.000Z";"2781";0.1286700156;0.1303018685;0.1246418152;0.1246737737;856945777.98;18222115127.86;"2024-09-29T23:59:59.999Z"
"2024-09-28T00:00:00.000Z";"2024-09-28T23:59:59.999Z";"2024-09-28T15:16:00.000Z";"2024-09-28T09:10:00.000Z";"2781";0.1237138758;0.13195027;0.1206158895;0.1286711848;1449764972.34;18805187940.8;"2024-09-28T23:59:59.999Z"
"2024-09-27T00:00:00.000Z";"2024-09-27T23:59:59.999Z";"2024-09-27T14:38:00.000Z";"2024-09-27T02:31:00.000Z";"2781";0.1181761499;0.1280800591;0.1171731822;0.1237138758;1367867353.94;18079158135.6;"2024-09-27T23:59:59.999Z"
"2024-09-26T00:00:00.000Z";"2024-09-26T23:59:59.999Z";"2024-09-26T17:18:00.000Z";"2024-09-26T01:40:00.000Z";"2781";0.1085035195;0.1201632448;0.1071451875;0.1181761632;1347684388.35;17268266121.62;"2024-09-26T23:59:59.999Z"
"2024-09-25T00:00:00.000Z";"2024-09-25T23:59:59.999Z";"2024-09-25T01:43:00.000Z";"2024-09-25T23:46:00.000Z";"2781";0.1097746742;0.110884134;0.1081698218;0.1085041849;696620733.53;15853382652.88;"2024-09-25T23:59:59.999Z"
"2024-09-24T00:00:00.000Z";"2024-09-24T23:59:59.999Z";"2024-09-24T22:59:00.000Z";"2024-09-24T00:43:00.000Z";"2781";0.1081562867;0.1104680276;0.1069825367;0.1097748112;708492630.07;16037600885.57;"2024-09-24T23:59:59.999Z"
"2024-09-23T00:00:00.000Z";"2024-09-23T23:59:59.999Z";"2024-09-23T03:29:00.000Z";"2024-09-23T00:19:00.000Z";"2781";0.1063393362;0.1090844148;0.1047201122;0.1081562867;644419669.96;15799681952.97;"2024-09-23T23:59:59.999Z"
"2024-09-22T00:00:00.000Z";"2024-09-22T23:59:59.999Z";"2024-09-22T00:00:00.000Z";"2024-09-22T22:11:00.000Z";"2781";0.1100485537;0.1100498519;0.1040197833;0.1063393362;480950368.04;15532799303.29;"2024-09-22T23:59:59.999Z"
"2024-09-21T00:00:00.000Z";"2024-09-21T23:59:59.999Z";"2024-09-21T23:52:00.000Z";"2024-09-21T02:17:00.000Z";"2781";0.1054711802;0.1103734389;0.1041515943;0.1100485537;502306052.56;16073103692.71;"2024-09-21T23:59:59.999Z"
"2024-09-20T00:00:00.000Z";"2024-09-20T23:59:59.999Z";"2024-09-20T05:28:00.000Z";"2024-09-20T01:28:00.000Z";"2781";0.1050307818;0.1072960479;0.1037476486;0.1054711802;595150523.17;15403118350.46;"2024-09-20T23:59:59.999Z"
"2024-09-19T00:00:00.000Z";"2024-09-19T23:59:59.999Z";"2024-09-19T16:55:00.000Z";"2024-09-19T00:00:00.000Z";"2781";0.1035850308;0.1070739839;0.1035850308;0.1050307818;656532121.94;15337360058.56;"2024-09-19T23:59:59.999Z"
"2024-09-18T00:00:00.000Z";"2024-09-18T23:59:59.999Z";"2024-09-18T23:59:00.000Z";"2024-09-18T10:18:00.000Z";"2781";0.1011366221;0.1035902794;0.0995775716;0.1035846937;549512847.68;15124818738.14;"2024-09-18T23:59:59.999Z"
"2024-09-17T00:00:00.000Z";"2024-09-17T23:59:59.999Z";"2024-09-17T15:43:00.000Z";"2024-09-17T01:16:00.000Z";"2781";0.0996957564;0.1024669863;0.0988435143;0.1011366221;480290241.56;14765938369.16;"2024-09-17T23:59:59.999Z"
"2024-09-16T00:00:00.000Z";"2024-09-16T23:59:59.999Z";"2024-09-16T00:07:00.000Z";"2024-09-16T21:11:00.000Z";"2781";0.1029376777;0.1031316821;0.0984576528;0.0996927402;528755468.83;14553778908.44;"2024-09-16T23:59:59.999Z"
"2024-09-15T00:00:00.000Z";"2024-09-15T23:59:59.999Z";"2024-09-15T15:52:00.000Z";"2024-09-15T23:13:00.000Z";"2781";0.1054671591;0.106359304;0.1025769296;0.1029328373;428890115.61;15026097584.22;"2024-09-15T23:59:59.999Z"
"2024-09-14T00:00:00.000Z";"2024-09-14T23:59:59.999Z";"2024-09-14T01:04:00.000Z";"2024-09-14T18:11:00.000Z";"2781";0.1071134359;0.1075579937;0.1046430199;0.105467163;426157955.82;15393906005.97;"2024-09-14T23:59:59.999Z"
"2024-09-13T00:00:00.000Z";"2024-09-13T23:59:59.999Z";"2024-09-13T15:38:00.000Z";"2024-09-13T01:46:00.000Z";"2781";0.1027985956;0.1082904756;0.1018653737;0.107113901;675630463.56;15632723566.46;"2024-09-13T23:59:59.999Z"
"2024-09-12T00:00:00.000Z";"2024-09-12T23:59:59.999Z";"2024-09-12T22:40:00.000Z";"2024-09-12T15:52:00.000Z";"2781";0.1013776591;0.103206524;0.1006358364;0.1027985956;439730012.67;15001585782.97;"2024-09-12T23:59:59.999Z"
"2024-09-11T00:00:00.000Z";"2024-09-11T23:59:59.999Z";"2024-09-11T00:58:00.000Z";"2024-09-11T14:48:00.000Z";"2781";0.1027117325;0.1029701726;0.0980912369;0.1013776591;532198020.85;14792845175.79;"2024-09-11T23:59:59.999Z"
"2024-09-10T00:00:00.000Z";"2024-09-10T23:59:59.999Z";"2024-09-10T09:52:00.000Z";"2024-09-10T14:17:00.000Z";"2781";0.1038287944;0.1045210581;0.1016605185;0.1027116009;465166360.18;14986100521.17;"2024-09-10T23:59:59.999Z"
"2024-09-09T00:00:00.000Z";"2024-09-09T23:59:59.999Z";"2024-09-09T16:54:00.000Z";"2024-09-09T00:54:00.000Z";"2781";0.0960803399;0.1046190384;0.0958316416;0.1038287944;698093517.89;15147670687.04;"2024-09-09T23:59:59.999Z"
"2024-09-08T00:00:00.000Z";"2024-09-08T23:59:59.999Z";"2024-09-08T03:16:00.000Z";"2024-09-08T16:17:00.000Z";"2781";0.0952612722;0.096902552;0.0940465302;0.0960804003;381739750.55;14015924851.31;"2024-09-08T23:59:59.999Z"
"2024-09-07T00:00:00.000Z";"2024-09-07T23:59:59.999Z";"2024-09-07T15:31:00.000Z";"2024-09-07T01:55:00.000Z";"2781";0.0924843028;0.0956177015;0.0918119983;0.0952611559;412044016.29;13895140331.47;"2024-09-07T23:59:59.999Z"
"2024-09-06T00:00:00.000Z";"2024-09-06T23:59:59.999Z";"2024-09-06T02:46:00.000Z";"2024-09-06T21:02:00.000Z";"2781";0.0983093399;0.0993789605;0.0893729456;0.0924844398;802922233.96;13488842628.02;"2024-09-06T23:59:59.999Z"
"2024-09-05T00:00:00.000Z";"2024-09-05T23:59:59.999Z";"2024-09-05T18:19:00.000Z";"2024-09-05T04:07:00.000Z";"2781";0.0980250665;0.0990993337;0.0962254941;0.098308634;452927311.08;14337071992.69;"2024-09-05T23:59:59.999Z"
"2024-09-04T00:00:00.000Z";"2024-09-04T23:59:59.999Z";"2024-09-04T16:35:00.000Z";"2024-09-04T01:08:00.000Z";"2781";0.0967149505;0.0994561018;0.0929786903;0.0980250176;579587111.02;14294280493.78;"2024-09-04T23:59:59.999Z"
"2024-09-03T00:00:00.000Z";"2024-09-03T23:59:59.999Z";"2024-09-03T02:20:00.000Z";"2024-09-03T23:59:00.000Z";"2781";0.0991154475;0.1007056722;0.0967008452;0.0967186602;395659304.85;14101915669.79;"2024-09-03T23:59:59.999Z"
"2024-09-02T00:00:00.000Z";"2024-09-02T23:59:59.999Z";"2024-09-02T21:06:00.000Z";"2024-09-02T05:02:00.000Z";"2781";0.0953541059;0.0997402005;0.09416704;0.0991154475;463950025.89;14450579914.14;"2024-09-02T23:59:59.999Z"
"2024-09-01T00:00:00.000Z";"2024-09-01T23:59:59.999Z";"2024-09-01T00:18:00.000Z";"2024-09-01T23:01:00.000Z";"2781";0.1013319293;0.1014610199;0.0943429246;0.0953541059;424515197.32;13900882355.81;"2024-09-01T23:59:59.999Z"
"2024-08-31T00:00:00.000Z";"2024-08-31T23:59:59.999Z";"2024-08-31T00:35:00.000Z";"2024-08-31T09:23:00.000Z";"2781";0.1020430775;0.1022407158;0.1004744707;0.1013319293;303734468.73;14770944197.45;"2024-08-31T23:59:59.999Z"
"2024-08-30T00:00:00.000Z";"2024-08-30T23:59:59.999Z";"2024-08-30T10:22:00.000Z";"2024-08-30T16:29:00.000Z";"2781";0.1004246506;0.1023819799;0.0972753594;0.1020430775;572514235.52;14873234306.55;"2024-08-30T23:59:59.999Z"
"2024-08-29T00:00:00.000Z";"2024-08-29T23:59:59.999Z";"2024-08-29T15:37:00.000Z";"2024-08-29T19:06:00.000Z";"2781";0.099626981;0.1024918678;0.0985351679;0.1004246506;461885563.57;14635975586.47;"2024-08-29T23:59:59.999Z"
"2024-08-28T00:00:00.000Z";"2024-08-28T23:59:59.999Z";"2024-08-28T10:01:00.000Z";"2024-08-28T16:25:00.000Z";"2781";0.0990557004;0.1017584721;0.0972924097;0.099626981;657073356.67;14518357632.86;"2024-08-28T23:59:59.999Z"
"2024-08-27T00:00:00.000Z";"2024-08-27T23:59:59.999Z";"2024-08-27T05:57:00.000Z";"2024-08-27T22:17:00.000Z";"2781";0.1052915048;0.1064775527;0.0973915969;0.0990557004;615156838.07;14433747492.55;"2024-08-27T23:59:59.999Z"
"2024-08-26T00:00:00.000Z";"2024-08-26T23:59:59.999Z";"2024-08-26T00:13:00.000Z";"2024-08-26T21:27:00.000Z";"2781";0.109698519;0.1102924432;0.1046394712;0.1052915048;560759055.3;15340952909.8;"2024-08-26T23:59:59.999Z"
"2024-08-25T00:00:00.000Z";"2024-08-25T23:59:59.999Z";"2024-08-25T00:23:00.000Z";"2024-08-25T07:44:00.000Z";"2781";0.1126309232;0.1127579247;0.1081174516;0.109698144;584876308.92;15981553406.79;"2024-08-25T23:59:59.999Z"
"2024-08-24T00:00:00.000Z";"2024-08-24T23:59:59.999Z";"2024-08-24T20:26:00.000Z";"2024-08-24T22:01:00.000Z";"2781";0.1129266577;0.1149467288;0.1112468734;0.1126307761;673199379;16407228874.27;"2024-08-24T23:59:59.999Z"
"2024-08-23T00:00:00.000Z";"2024-08-23T23:59:59.999Z";"2024-08-23T22:26:00.000Z";"2024-08-23T00:00:00.000Z";"2781";0.1053078437;0.1152394722;0.1053053282;0.1129271889;860650258.63;16448749740.34;"2024-08-23T23:59:59.999Z"
"2024-08-22T00:00:00.000Z";"2024-08-22T23:59:59.999Z";"2024-08-22T11:01:00.000Z";"2024-08-22T02:55:00.000Z";"2781";0.1061566723;0.1068222762;0.1042737624;0.1053078437;391690266.34;15337571048.88;"2024-08-22T23:59:59.999Z"
"2024-08-21T00:00:00.000Z";"2024-08-21T23:59:59.999Z";"2024-08-21T20:27:00.000Z";"2024-08-21T13:52:00.000Z";"2781";0.1030004026;0.1078250542;0.1024616657;0.1061565473;509933481.25;15459740170.12;"2024-08-21T23:59:59.999Z"
"2024-08-20T00:00:00.000Z";"2024-08-20T23:59:59.999Z";"2024-08-20T07:55:00.000Z";"2024-08-20T00:17:00.000Z";"2781";0.1015055216;0.1056190008;0.1012287238;0.1030005188;695089222.3;14998687526.07;"2024-08-20T23:59:59.999Z"
"2024-08-19T00:00:00.000Z";"2024-08-19T23:59:59.999Z";"2024-08-19T17:37:00.000Z";"2024-08-19T11:31:00.000Z";"2781";0.1001720034;0.1018068301;0.0987121599;0.1015044832;463249308.68;14779477687.92;"2024-08-19T23:59:59.999Z"
"2024-08-18T00:00:00.000Z";"2024-08-18T23:59:59.999Z";"2024-08-18T13:14:00.000Z";"2024-08-18T23:58:00.000Z";"2781";0.1027552524;0.1043057195;0.1001692571;0.1001720034;377630489.78;14584097709.77;"2024-08-18T23:59:59.999Z"
"2024-08-17T00:00:00.000Z";"2024-08-17T23:59:59.999Z";"2024-08-17T17:38:00.000Z";"2024-08-17T00:37:00.000Z";"2781";0.100439193;0.1036313577;0.1001564666;0.1027550171;305545333.05;14958794844.06;"2024-08-17T23:59:59.999Z"
"2024-08-16T00:00:00.000Z";"2024-08-16T23:59:59.999Z";"2024-08-16T06:52:00.000Z";"2024-08-16T15:38:00.000Z";"2781";0.1002672213;0.1020278909;0.0977423914;0.100439193;539609334.32;14620245951.67;"2024-08-16T23:59:59.999Z"
"2024-08-15T00:00:00.000Z";"2024-08-15T23:59:59.999Z";"2024-08-15T14:50:00.000Z";"2024-08-15T18:34:00.000Z";"2781";0.1025549617;0.104797671;0.098194878;0.1002667149;617034813.44;14593869628.17;"2024-08-15T23:59:59.999Z"
"2024-08-14T00:00:00.000Z";"2024-08-14T23:59:59.999Z";"2024-08-14T12:31:00.000Z";"2024-08-14T14:13:00.000Z";"2781";0.1064162373;0.1067397479;0.1018050761;0.1025551997;564943504.8;14925455962.72;"2024-08-14T23:59:59.999Z"
"2024-08-13T00:00:00.000Z";"2024-08-13T23:59:59.999Z";"2024-08-13T00:56:00.000Z";"2024-08-13T10:25:00.000Z";"2781";0.1077672671;0.108843118;0.1035719824;0.1064159873;575505923.46;15485972467.67;"2024-08-13T23:59:59.999Z"
"2024-08-12T00:00:00.000Z";"2024-08-12T23:59:59.999Z";"2024-08-12T23:22:00.000Z";"2024-08-12T00:35:00.000Z";"2781";0.1005662995;0.1085351779;0.1004709199;0.1077665443;778786434.34;15681119817.62;"2024-08-12T23:59:59.999Z"
"2024-08-11T00:00:00.000Z";"2024-08-11T23:59:59.999Z";"2024-08-11T03:34:00.000Z";"2024-08-11T22:34:00.000Z";"2781";0.1052027556;0.1107939058;0.1002993626;0.1005664545;676944255.64;14631938640.59;"2024-08-11T23:59:59.999Z"
"2024-08-10T00:00:00.000Z";"2024-08-10T23:59:59.999Z";"2024-08-10T18:49:00.000Z";"2024-08-10T04:52:00.000Z";"2781";0.1039736944;0.1058587215;0.10311567;0.105201943;371267774;15305109013.54;"2024-08-10T23:59:59.999Z"
"2024-08-09T00:00:00.000Z";"2024-08-09T23:59:59.999Z";"2024-08-09T00:53:00.000Z";"2024-08-09T16:01:00.000Z";"2781";0.107408871;0.1075820552;0.1017735195;0.1039736944;602450304.56;15124905301.79;"2024-08-09T23:59:59.999Z"
"2024-08-08T00:00:00.000Z";"2024-08-08T23:59:59.999Z";"2024-08-08T22:59:00.000Z";"2024-08-08T00:46:00.000Z";"2781";0.0955150134;0.1077716887;0.0939774996;0.1074044797;858015368.93;15623149431.2;"2024-08-08T23:59:59.999Z"
"2024-08-07T00:00:00.000Z";"2024-08-07T23:59:59.999Z";"2024-08-07T09:43:00.000Z";"2024-08-07T22:29:00.000Z";"2781";0.0963707738;0.1018469508;0.0945944664;0.0955147317;1000135339.16;13891853161.81;"2024-08-07T23:59:59.999Z"
"2024-08-06T00:00:00.000Z";"2024-08-06T23:59:59.999Z";"2024-08-06T01:20:00.000Z";"2024-08-06T00:01:00.000Z";"2781";0.094502086;0.1013877558;0.094367329;0.0963706518;1124169389.44;14015016250.47;"2024-08-06T23:59:59.999Z"
"2024-08-05T00:00:00.000Z";"2024-08-05T23:59:59.999Z";"2024-08-05T00:07:00.000Z";"2024-08-05T11:35:00.000Z";"2781";0.1037324593;0.104166119;0.0808306746;0.0945025019;3194029250.17;13741965677.24;"2024-08-05T23:59:59.999Z"
"2024-08-04T00:00:00.000Z";"2024-08-04T23:59:59.999Z";"2024-08-04T02:35:00.000Z";"2024-08-04T17:46:00.000Z";"2781";0.1081692987;0.1092143975;0.0996057101;0.1037333027;827323033.65;15082807094.7;"2024-08-04T23:59:59.999Z"
"2024-08-03T00:00:00.000Z";"2024-08-03T23:59:59.999Z";"2024-08-03T07:38:00.000Z";"2024-08-03T20:13:00.000Z";"2781";0.1115067208;0.1144972638;0.105417938;0.1081692245;808239470.74;15726481910.47;"2024-08-03T23:59:59.999Z"
"2024-08-02T00:00:00.000Z";"2024-08-02T23:59:59.999Z";"2024-08-02T00:20:00.000Z";"2024-08-02T21:32:00.000Z";"2781";0.1192352833;0.1195134148;0.1105672324;0.1115081683;826720039.2;16210178742.25;"2024-08-02T23:59:59.999Z"
"2024-08-01T00:00:00.000Z";"2024-08-01T23:59:59.999Z";"2024-08-01T01:05:00.000Z";"2024-08-01T18:13:00.000Z";"2781";0.1220211105;0.1229324713;0.1128282588;0.1192356242;861079383.71;17332111890.49;"2024-08-01T23:59:59.999Z"
"2024-07-31T00:00:00.000Z";"2024-07-31T23:59:59.999Z";"2024-07-31T13:43:00.000Z";"2024-07-31T21:39:00.000Z";"2781";0.1255925156;0.1272006576;0.1215426249;0.1220137158;609802169.47;17735427527.47;"2024-07-31T23:59:59.999Z"
"2024-07-30T00:00:00.000Z";"2024-07-30T23:59:59.999Z";"2024-07-30T01:27:00.000Z";"2024-07-30T20:11:00.000Z";"2781";0.1286623374;0.1303056023;0.1236623809;0.1255948257;638122391.07;18252828299.65;"2024-07-30T23:59:59.999Z"
"2024-07-29T00:00:00.000Z";"2024-07-29T23:59:59.999Z";"2024-07-29T08:26:00.000Z";"2024-07-29T23:19:00.000Z";"2781";0.1300761905;0.1349493578;0.1279546265;0.1286735006;809333955.21;18697247714.73;"2024-07-29T23:59:59.999Z"
"2024-07-28T00:00:00.000Z";"2024-07-28T23:59:59.999Z";"2024-07-28T11:25:00.000Z";"2024-07-28T05:24:00.000Z";"2781";0.1315967658;0.1318004971;0.128324416;0.1300748453;755293791.26;18900975340.6;"2024-07-28T23:59:59.999Z"
"2024-07-27T00:00:00.000Z";"2024-07-27T23:59:59.999Z";"2024-07-27T14:07:00.000Z";"2024-07-27T20:28:00.000Z";"2781";0.1343175753;0.1386670633;0.131341054;0.1315919578;1193072780.97;19120150269.42;"2024-07-27T23:59:59.999Z"
"2024-07-26T00:00:00.000Z";"2024-07-26T23:59:59.999Z";"2024-07-26T23:14:00.000Z";"2024-07-26T00:01:00.000Z";"2781";0.1252215125;0.1348783234;0.125199517;0.1343180198;752603627.85;19513667603.56;"2024-07-26T23:59:59.999Z"
"2024-07-25T00:00:00.000Z";"2024-07-25T23:59:59.999Z";"2024-07-25T00:26:00.000Z";"2024-07-25T20:13:00.000Z";"2781";0.1280888492;0.1286413527;0.1203226885;0.1252208332;970420635.43;18190416759.75;"2024-07-25T23:59:59.999Z"
"2024-07-24T00:00:00.000Z";"2024-07-24T23:59:59.999Z";"2024-07-24T13:43:00.000Z";"2024-07-24T23:28:00.000Z";"2781";0.1303855724;0.1346269246;0.1272441645;0.1280880898;734879688.79;18605345514.76;"2024-07-24T23:59:59.999Z"
"2024-07-23T00:00:00.000Z";"2024-07-23T23:59:59.999Z";"2024-07-23T00:52:00.000Z";"2024-07-23T17:03:00.000Z";"2781";0.1378815196;0.1392016433;0.1284885639;0.1303911265;963364308.84;18937192247.7;"2024-07-23T23:59:59.999Z"
"2024-07-22T00:00:00.000Z";"2024-07-22T23:59:59.999Z";"2024-07-22T04:16:00.000Z";"2024-07-22T09:49:00.000Z";"2781";0.140167318;0.1424691455;0.1362136686;0.1378814223;1468393830.85;20024034845.63;"2024-07-22T23:59:59.999Z"
"2024-07-21T00:00:00.000Z";"2024-07-21T23:59:59.999Z";"2024-07-21T20:44:00.000Z";"2024-07-21T18:14:00.000Z";"2781";0.1344304937;0.143086578;0.1264045482;0.1401690139;1229665449.37;20354105027.27;"2024-07-21T23:59:59.999Z"
"2024-07-20T00:00:00.000Z";"2024-07-20T23:59:59.999Z";"2024-07-20T18:15:00.000Z";"2024-07-20T02:12:00.000Z";"2781";0.1254752347;0.1356462587;0.1244846782;0.134430388;1109519614.08;19519203684.09;"2024-07-20T23:59:59.999Z"
"2024-07-19T00:00:00.000Z";"2024-07-19T23:59:59.999Z";"2024-07-19T19:38:00.000Z";"2024-07-19T01:22:00.000Z";"2781";0.1195012961;0.1260557368;0.1179083101;0.1254804116;724349408.78;18217200543.48;"2024-07-19T23:59:59.999Z"
"2024-07-18T00:00:00.000Z";"2024-07-18T23:59:59.999Z";"2024-07-18T02:04:00.000Z";"2024-07-18T16:04:00.000Z";"2781";0.1218789356;0.1238431128;0.1175726303;0.1194960586;710080579.51;17347501697.42;"2024-07-18T23:59:59.999Z"
"2024-07-17T00:00:00.000Z";"2024-07-17T23:59:59.999Z";"2024-07-17T01:22:00.000Z";"2024-07-17T16:48:00.000Z";"2781";0.1249329635;0.1275057863;0.1206430257;0.1218841176;731025036.14;17692520117.55;"2024-07-17T23:59:59.999Z"
"2024-07-16T00:00:00.000Z";"2024-07-16T23:59:59.999Z";"2024-07-16T00:10:00.000Z";"2024-07-16T08:37:00.000Z";"2781";0.1251639357;0.127256826;0.1193714114;0.1249310271;1023424280.16;18133130968.95;"2024-07-16T23:59:59.999Z"
"2024-07-15T00:00:00.000Z";"2024-07-15T23:59:59.999Z";"2024-07-15T23:43:00.000Z";"2024-07-15T00:19:00.000Z";"2781";0.1154713554;0.1253515249;0.1147889052;0.1252281687;865334768.12;18174566541.66;"2024-07-15T23:59:59.999Z"
"2024-07-14T00:00:00.000Z";"2024-07-14T23:59:59.999Z";"2024-07-14T23:35:00.000Z";"2024-07-14T14:31:00.000Z";"2781";0.112350367;0.1164949455;0.1113504732;0.115449351;551768272.21;16753777346.87;"2024-07-14T23:59:59.999Z"
"2024-07-13T00:00:00.000Z";"2024-07-13T23:59:59.999Z";"2024-07-13T23:16:00.000Z";"2024-07-13T00:34:00.000Z";"2781";0.1076846599;0.1128885148;0.1074473842;0.1123555907;497448463.12;16303314882.3;"2024-07-13T23:59:59.999Z"
"2024-07-12T00:00:00.000Z";"2024-07-12T23:59:59.999Z";"2024-07-12T18:52:00.000Z";"2024-07-12T10:23:00.000Z";"2781";0.1066640044;0.1082657157;0.1050316081;0.1076845097;468503073.4;15624059274.81;"2024-07-12T23:59:59.999Z"
"2024-07-11T00:00:00.000Z";"2024-07-11T23:59:59.999Z";"2024-07-11T12:40:00.000Z";"2024-07-11T23:39:00.000Z";"2781";0.1080241274;0.112178935;0.1063106966;0.106666994;546104180.2;15474985763.65;"2024-07-11T23:59:59.999Z"
"2024-07-10T00:00:00.000Z";"2024-07-10T23:59:59.999Z";"2024-07-10T06:52:00.000Z";"2024-07-10T01:07:00.000Z";"2781";0.1075185322;0.1104302178;0.1059041162;0.1080223615;552090147.24;15670161945.1;"2024-07-10T23:59:59.999Z"
"2024-07-09T00:00:00.000Z";"2024-07-09T23:59:59.999Z";"2024-07-09T08:46:00.000Z";"2024-07-09T02:04:00.000Z";"2781";0.1075699295;0.1092200438;0.1061380087;0.1075132966;572733013.45;15594849517.04;"2024-07-09T23:59:59.999Z"
"2024-07-08T00:00:00.000Z";"2024-07-08T23:59:59.999Z";"2024-07-08T09:04:00.000Z";"2024-07-08T01:27:00.000Z";"2781";0.104235066;0.111020707;0.0991631606;0.1075811067;1023119020.64;15603233055.3;"2024-07-08T23:59:59.999Z"
"2024-07-07T00:00:00.000Z";"2024-07-07T23:59:59.999Z";"2024-07-07T00:00:00.000Z";"2024-07-07T23:52:00.000Z";"2781";0.1135769959;0.1135769959;0.1037325003;0.1042315087;641031095.37;15116005319.49;"2024-07-07T23:59:59.999Z"
"2024-07-06T00:00:00.000Z";"2024-07-06T23:59:59.999Z";"2024-07-06T23:29:00.000Z";"2024-07-06T02:15:00.000Z";"2781";0.1055848735;0.1140794894;0.1049354847;0.1136147201;842720113.77;16475234927.14;"2024-07-06T23:59:59.999Z"
"2024-07-05T00:00:00.000Z";"2024-07-05T23:59:59.999Z";"2024-07-05T23:43:00.000Z";"2024-07-05T04:20:00.000Z";"2781";0.1048526282;0.1064184519;0.0937948272;0.105594131;1709690678.89;15310742077.11;"2024-07-05T23:59:59.999Z"
"2024-07-04T00:00:00.000Z";"2024-07-04T23:59:59.999Z";"2024-07-04T00:43:00.000Z";"2024-07-04T23:43:00.000Z";"2781";0.1184484399;0.1189479183;0.1044306279;0.1048867845;1239123197.57;15206769884.61;"2024-07-04T23:59:59.999Z"
"2024-07-03T00:00:00.000Z";"2024-07-03T23:59:59.999Z";"2024-07-03T00:42:00.000Z";"2024-07-03T21:24:00.000Z";"2781";0.1250191615;0.1253256536;0.1170453265;0.118471025;657681923.03;17174645739.33;"2024-07-03T23:59:59.999Z"
"2024-07-02T00:00:00.000Z";"2024-07-02T23:59:59.999Z";"2024-07-02T23:20:00.000Z";"2024-07-02T16:28:00.000Z";"2781";0.123439258;0.1250940847;0.1224621806;0.1250164489;408063752.88;18121828907.08;"2024-07-02T23:59:59.999Z"
"2024-07-01T00:00:00.000Z";"2024-07-01T23:59:59.999Z";"2024-07-01T02:08:00.000Z";"2024-07-01T14:16:00.000Z";"2781";0.1243035837;0.1272360835;0.1232478539;0.1234417065;452573746.47;17891889849.02;"2024-07-01T23:59:59.999Z"
"2024-06-30T00:00:00.000Z";"2024-06-30T23:59:59.999Z";"2024-06-30T22:40:00.000Z";"2024-06-30T05:17:00.000Z";"2781";0.1216986256;0.1253328391;0.1204524159;0.1243049293;369166833.59;18014915043.43;"2024-06-30T23:59:59.999Z"
"2024-06-29T00:00:00.000Z";"2024-06-29T23:59:59.999Z";"2024-06-29T07:40:00.000Z";"2024-06-29T22:52:00.000Z";"2781";0.1227952434;0.1241208401;0.1213885635;0.1216985288;285391178.35;17635921171.51;"2024-06-29T23:59:59.999Z"
"2024-06-28T00:00:00.000Z";"2024-06-28T23:59:59.999Z";"2024-06-28T01:40:00.000Z";"2024-06-28T21:13:00.000Z";"2781";0.1269095087;0.1279760381;0.1223614995;0.1227893734;634763078.14;17792199405.63;"2024-06-28T23:59:59.999Z"
"2024-06-27T00:00:00.000Z";"2024-06-27T23:59:59.999Z";"2024-06-27T23:07:00.000Z";"2024-06-27T06:49:00.000Z";"2781";0.122671693;0.1281146245;0.1206296127;0.1269114502;616932729.99;18387930511.29;"2024-06-27T23:59:59.999Z"
"2024-06-26T00:00:00.000Z";"2024-06-26T23:59:59.999Z";"2024-06-26T02:19:00.000Z";"2024-06-26T17:22:00.000Z";"2781";0.1261503837;0.1285224016;0.1219196359;0.1226792229;526276879.89;17773074683.85;"2024-06-26T23:59:59.999Z"
"2024-06-25T00:00:00.000Z";"2024-06-25T23:59:59.999Z";"2024-06-25T19:31:00.000Z";"2024-06-25T00:19:00.000Z";"2781";0.1190329402;0.1282355461;0.1188950795;0.1261528572;783244351.83;18274594533.53;"2024-06-25T23:59:59.999Z"
"2024-06-24T00:00:00.000Z";"2024-06-24T23:59:59.999Z";"2024-06-24T00:44:00.000Z";"2024-06-24T20:31:00.000Z";"2781";0.1222488977;0.1236750912;0.1147313371;0.1190427297;951099440.35;17242993741.65;"2024-06-24T23:59:59.999Z"
"2024-06-23T00:00:00.000Z";"2024-06-23T23:59:59.999Z";"2024-06-23T21:58:00.000Z";"2024-06-23T23:34:00.000Z";"2781";0.1237829566;0.1261197868;0.1218269917;0.1222565834;429188640.72;17706871661.18;"2024-06-23T23:59:59.999Z"
"2024-06-22T00:00:00.000Z";"2024-06-22T23:59:59.999Z";"2024-06-22T15:41:00.000Z";"2024-06-22T00:46:00.000Z";"2781";0.1240384836;0.1253649343;0.1229587712;0.1237887976;328642106.41;17927127882.02;"2024-06-22T23:59:59.999Z"
"2024-06-21T00:00:00.000Z";"2024-06-21T23:59:59.999Z";"2024-06-21T02:07:00.000Z";"2024-06-21T14:05:00.000Z";"2781";0.1244297673;0.1255004376;0.1216169279;0.1240291647;598393023.27;17960274679.04;"2024-06-21T23:59:59.999Z"
"2024-06-20T00:00:00.000Z";"2024-06-20T23:59:59.999Z";"2024-06-20T11:10:00.000Z";"2024-06-20T16:10:00.000Z";"2781";0.1223408291;0.1282662144;0.1214544134;0.1244189857;734399818.54;18015031346.21;"2024-06-20T23:59:59.999Z"
"2024-06-19T00:00:00.000Z";"2024-06-19T23:59:59.999Z";"2024-06-19T03:41:00.000Z";"2024-06-19T00:32:00.000Z";"2781";0.1222787407;0.1265075632;0.1215785829;0.1223408291;642487744.51;17712465652.54;"2024-06-19T23:59:59.999Z"
"2024-06-18T00:00:00.000Z";"2024-06-18T23:59:59.999Z";"2024-06-18T00:04:00.000Z";"2024-06-18T01:46:00.000Z";"2781";0.1288664169;0.1291029235;0.1153921828;0.1222961181;1413960450.25;17704338955.93;"2024-06-18T23:59:59.999Z"
"2024-06-17T00:00:00.000Z";"2024-06-17T23:59:59.999Z";"2024-06-17T00:46:00.000Z";"2024-06-17T16:22:00.000Z";"2781";0.1369397849;0.1380232443;0.1264949754;0.1288887129;960646591.58;18656977119.6;"2024-06-17T23:59:59.999Z"
"2024-06-16T00:00:00.000Z";"2024-06-16T23:59:59.999Z";"2024-06-16T22:10:00.000Z";"2024-06-16T04:28:00.000Z";"2781";0.1365764989;0.1373466914;0.1348191765;0.1369365853;385407082.74;19820069402.1;"2024-06-16T23:59:59.999Z"
"2024-06-15T00:00:00.000Z";"2024-06-15T23:59:59.999Z";"2024-06-15T15:25:00.000Z";"2024-06-15T02:01:00.000Z";"2781";0.1349748868;0.1372772275;0.1343579323;0.1365655185;476136327.64;19764506986.29;"2024-06-15T23:59:59.999Z"
"2024-06-14T00:00:00.000Z";"2024-06-14T23:59:59.999Z";"2024-06-14T08:55:00.000Z";"2024-06-14T18:25:00.000Z";"2781";0.1410462437;0.1432134189;0.1321636317;0.1349695812;859600884.27;19531699998.64;"2024-06-14T23:59:59.999Z"
"2024-06-13T00:00:00.000Z";"2024-06-13T23:59:59.999Z";"2024-06-13T00:35:00.000Z";"2024-06-13T16:04:00.000Z";"2781";0.1461972447;0.1463534121;0.1403805412;0.141059681;790003625.97;20411103996.18;"2024-06-13T23:59:59.999Z"
"2024-06-12T00:00:00.000Z";"2024-06-12T23:59:59.999Z";"2024-06-12T16:43:00.000Z";"2024-06-12T01:49:00.000Z";"2781";0.1380974356;0.1503246093;0.1350295215;0.1461957474;1274848211.94;21152221539.86;"2024-06-12T23:59:59.999Z"
"2024-06-11T00:00:00.000Z";"2024-06-11T23:59:59.999Z";"2024-06-11T01:16:00.000Z";"2024-06-11T17:29:00.000Z";"2781";0.144742176;0.1450473729;0.13410328;0.1381041336;1271975141.88;19979639134.97;"2024-06-11T23:59:59.999Z"
"2024-06-10T00:00:00.000Z";"2024-06-10T23:59:59.999Z";"2024-06-10T15:52:00.000Z";"2024-06-10T08:01:00.000Z";"2781";0.1467669551;0.14782019;0.143466726;0.1447397633;752565081.78;20937654150.26;"2024-06-10T23:59:59.999Z"
"2024-06-09T00:00:00.000Z";"2024-06-09T23:59:59.999Z";"2024-06-09T19:13:00.000Z";"2024-06-09T03:30:00.000Z";"2781";0.1460452066;0.1490886946;0.145200003;0.1467740649;656320138.38;21229940341.47;"2024-06-09T23:59:59.999Z"
"2024-06-08T00:00:00.000Z";"2024-06-08T23:59:59.999Z";"2024-06-08T04:02:00.000Z";"2024-06-08T13:33:00.000Z";"2781";0.1482957103;0.1485827576;0.1440100021;0.1460586649;872877278.01;21124472935.75;"2024-06-08T23:59:59.999Z"
"2024-06-07T00:00:00.000Z";"2024-06-07T23:59:59.999Z";"2024-06-07T05:50:00.000Z";"2024-06-07T18:16:00.000Z";"2781";0.160157876;0.1620194835;0.1431183908;0.148303395;1581768204.35;21447130734.02;"2024-06-07T23:59:59.999Z"
"2024-06-06T00:00:00.000Z";"2024-06-06T23:59:59.999Z";"2024-06-06T12:28:00.000Z";"2024-06-06T20:04:00.000Z";"2781";0.1632354353;0.1651697863;0.1586568295;0.1601590858;893170339.13;23159324773.97;"2024-06-06T23:59:59.999Z"
"2024-06-05T00:00:00.000Z";"2024-06-05T23:59:59.999Z";"2024-06-05T07:46:00.000Z";"2024-06-05T00:19:00.000Z";"2781";0.1614496911;0.1647240361;0.1612920102;0.1632354353;820053784.78;23602142437.84;"2024-06-05T23:59:59.999Z"
"2024-06-04T00:00:00.000Z";"2024-06-04T23:59:59.999Z";"2024-06-04T18:40:00.000Z";"2024-06-04T09:57:00.000Z";"2781";0.1582823961;0.1617436763;0.1571625025;0.1614496911;760727968.73;23341769327.68;"2024-06-04T23:59:59.999Z"
"2024-06-03T00:00:00.000Z";"2024-06-03T23:59:59.999Z";"2024-06-03T13:52:00.000Z";"2024-06-03T00:47:00.000Z";"2781";0.1572008033;0.1632105636;0.1560270946;0.1582823961;929987302.08;22881723637.46;"2024-06-03T23:59:59.999Z"
"2024-06-02T00:00:00.000Z";"2024-06-02T23:59:59.999Z";"2024-06-02T01:40:00.000Z";"2024-06-02T19:26:00.000Z";"2781";0.1602001454;0.1611938704;0.1549599307;0.157200539;585756299.08;22723219924.92;"2024-06-02T23:59:59.999Z"
"2024-06-01T00:00:00.000Z";"2024-06-01T23:59:59.999Z";"2024-06-01T13:53:00.000Z";"2024-06-01T01:43:00.000Z";"2781";0.1591357943;0.1613226262;0.1583911477;0.1602001027;496035603.28;23154615547.26;"2024-06-01T23:59:59.999Z"
"2024-05-31T00:00:00.000Z";"2024-05-31T23:59:59.999Z";"2024-05-31T12:40:00.000Z";"2024-05-31T16:11:00.000Z";"2781";0.1595385263;0.1622262114;0.1549073735;0.1591357943;945969518.09;22998630651.67;"2024-05-31T23:59:59.999Z"
"2024-05-30T00:00:00.000Z";"2024-05-30T23:59:59.999Z";"2024-05-30T04:34:00.000Z";"2024-05-30T08:16:00.000Z";"2781";0.1636955284;0.1654071699;0.1565949592;0.1595436994;1452218159.37;23055480736.82;"2024-05-30T23:59:59.999Z"
"2024-05-29T00:00:00.000Z";"2024-05-29T23:59:59.999Z";"2024-05-29T04:47:00.000Z";"2024-05-29T16:12:00.000Z";"2781";0.1649636334;0.1702690412;0.1622204904;0.1636948098;1525668594.55;23653235530.81;"2024-05-29T23:59:59.999Z"
"2024-05-28T00:00:00.000Z";"2024-05-28T23:59:59.999Z";"2024-05-28T01:38:00.000Z";"2024-05-28T18:41:00.000Z";"2781";0.1690895344;0.1693301912;0.1617957419;0.1649624174;1410223091.01;23834051555.84;"2024-05-28T23:59:59.999Z"
"2024-05-27T00:00:00.000Z";"2024-05-27T23:59:59.999Z";"2024-05-27T15:49:00.000Z";"2024-05-27T05:31:00.000Z";"2781";0.1662199029;0.1730356385;0.164364862;0.1690895344;1404874711.39;24428038074.4;"2024-05-27T23:59:59.999Z"
"2024-05-26T00:00:00.000Z";"2024-05-26T23:59:59.999Z";"2024-05-26T00:05:00.000Z";"2024-05-26T21:34:00.000Z";"2781";0.1739605229;0.1745499201;0.165708421;0.1662199029;1359410362.15;24011204054.08;"2024-05-26T23:59:59.999Z"
"2024-05-25T00:00:00.000Z";"2024-05-25T23:59:59.999Z";"2024-05-25T23:59:00.000Z";"2024-05-25T01:14:00.000Z";"2781";0.1638036631;0.1740863218;0.1629586642;0.1739604456;1489582489.73;25127052130.57;"2024-05-25T23:59:59.999Z"
"2024-05-24T00:00:00.000Z";"2024-05-24T23:59:59.999Z";"2024-05-24T15:13:00.000Z";"2024-05-24T07:08:00.000Z";"2781";0.1596127856;0.1727012008;0.1561609051;0.1638034776;3012763364.9;23657777534.5;"2024-05-24T23:59:59.999Z"
"2024-05-23T00:00:00.000Z";"2024-05-23T23:59:59.999Z";"2024-05-23T12:10:00.000Z";"2024-05-23T20:08:00.000Z";"2781";0.1661632389;0.1691423086;0.1534028419;0.1596127856;2243999959.88;23050323438.42;"2024-05-23T23:59:59.999Z"
"2024-05-22T00:00:00.000Z";"2024-05-22T23:59:59.999Z";"2024-05-22T02:11:00.000Z";"2024-05-22T12:58:00.000Z";"2781";0.1704743441;0.1740952036;0.1622440123;0.1661627235;1978486151.6;23994079107.82;"2024-05-22T23:59:59.999Z"
"2024-05-21T00:00:00.000Z";"2024-05-21T23:59:59.999Z";"2024-05-21T14:42:00.000Z";"2024-05-21T05:07:00.000Z";"2781";0.1656883508;0.17262964;0.160904946;0.1704743338;2792364764.8;24614314299.75;"2024-05-21T23:59:59.999Z"
"2024-05-20T00:00:00.000Z";"2024-05-20T23:59:59.999Z";"2024-05-20T23:52:00.000Z";"2024-05-20T01:35:00.000Z";"2781";0.1491073343;0.1659445906;0.1480987619;0.1656883508;1512244150;23921046285.68;"2024-05-20T23:59:59.999Z"
"2024-05-19T00:00:00.000Z";"2024-05-19T23:59:59.999Z";"2024-05-19T02:59:00.000Z";"2024-05-19T21:37:00.000Z";"2781";0.153077405;0.1559640927;0.1479567387;0.1491073343;786457295.89;21525183441.04;"2024-05-19T23:59:59.999Z"
"2024-05-18T00:00:00.000Z";"2024-05-18T23:59:59.999Z";"2024-05-18T02:19:00.000Z";"2024-05-18T14:48:00.000Z";"2781";0.1555627918;0.1568720354;0.1516566219;0.1530771304;771261614.62;22096252912.07;"2024-05-18T23:59:59.999Z"
"2024-05-17T00:00:00.000Z";"2024-05-17T23:59:59.999Z";"2024-05-17T16:16:00.000Z";"2024-05-17T04:52:00.000Z";"2781";0.1496366872;0.1563643523;0.1495167385;0.1555627918;1112782870.88;22452896756.26;"2024-05-17T23:59:59.999Z"
"2024-05-16T00:00:00.000Z";"2024-05-16T23:59:59.999Z";"2024-05-16T03:38:00.000Z";"2024-05-16T20:31:00.000Z";"2781";0.1555286526;0.1590249368;0.1490696866;0.1496365911;1374063837.12;21595548199.66;"2024-05-16T23:59:59.999Z"
"2024-05-15T00:00:00.000Z";"2024-05-15T23:59:59.999Z";"2024-05-15T21:28:00.000Z";"2024-05-15T04:22:00.000Z";"2781";0.1454191467;0.1569890254;0.1454003441;0.1555259514;1767635344.05;22443374038.16;"2024-05-15T23:59:59.999Z"
"2024-05-14T00:00:00.000Z";"2024-05-14T23:59:59.999Z";"2024-05-14T12:22:00.000Z";"2024-05-14T23:28:00.000Z";"2781";0.1484329825;0.1547649792;0.1443613239;0.1454191039;1899294333.96;20982907332.88;"2024-05-14T23:59:59.999Z"
"2024-05-13T00:00:00.000Z";"2024-05-13T23:59:59.999Z";"2024-05-13T16:37:00.000Z";"2024-05-13T03:17:00.000Z";"2781";0.1412308683;0.1568251677;0.1360426626;0.1484335609;1918835792.24;21415870429.77;"2024-05-13T23:59:59.999Z"
"2024-05-12T00:00:00.000Z";"2024-05-12T23:59:59.999Z";"2024-05-12T01:10:00.000Z";"2024-05-12T08:23:00.000Z";"2781";0.1429245269;0.1443894201;0.1400156715;0.1412308683;601107964.32;20374806281.27;"2024-05-12T23:59:59.999Z"
"2024-05-11T00:00:00.000Z";"2024-05-11T23:59:59.999Z";"2024-05-11T01:23:00.000Z";"2024-05-11T11:17:00.000Z";"2781";0.1440308283;0.1460365204;0.1427071108;0.1429241627;533516788.4;20617246961.93;"2024-05-11T23:59:59.999Z"
"2024-05-10T00:00:00.000Z";"2024-05-10T23:59:59.999Z";"2024-05-10T07:58:00.000Z";"2024-05-10T20:34:00.000Z";"2781";0.1521174585;0.1530479156;0.1425249813;0.1440307718;1056928481.23;20774870769.77;"2024-05-10T23:59:59.999Z"
"2024-05-09T00:00:00.000Z";"2024-05-09T23:59:59.999Z";"2024-05-09T22:55:00.000Z";"2024-05-09T00:01:00.000Z";"2781";0.1432940114;0.1539830052;0.1431584308;0.1521168169;1093467704.77;21939211404.28;"2024-05-09T23:59:59.999Z"
"2024-05-08T00:00:00.000Z";"2024-05-08T23:59:59.999Z";"2024-05-08T03:49:00.000Z";"2024-05-08T22:58:00.000Z";"2781";0.1501902171;0.1519207946;0.1422105611;0.1432940446;1159774226.08;20664687283.92;"2024-05-08T23:59:59.999Z"
"2024-05-07T00:00:00.000Z";"2024-05-07T23:59:59.999Z";"2024-05-07T09:22:00.000Z";"2024-05-07T23:16:00.000Z";"2781";0.1566076995;0.1598023658;0.1497377354;0.1501900245;1139969527.38;21657133655.52;"2024-05-07T23:59:59.999Z"
"2024-05-06T00:00:00.000Z";"2024-05-06T23:59:59.999Z";"2024-05-06T09:28:00.000Z";"2024-05-06T17:44:00.000Z";"2781";0.1610658589;0.1689406887;0.1544453334;0.1566076995;1747675308.34;22580406986.81;"2024-05-06T23:59:59.999Z"
"2024-05-05T00:00:00.000Z";"2024-05-05T23:59:59.999Z";"2024-05-05T17:31:00.000Z";"2024-05-05T01:44:00.000Z";"2781";0.1601568897;0.1631297568;0.1549775939;0.1610675686;1506950274.23;23221033412.76;"2024-05-05T23:59:59.999Z"
"2024-05-04T00:00:00.000Z";"2024-05-04T23:59:59.999Z";"2024-05-04T13:05:00.000Z";"2024-05-04T00:02:00.000Z";"2781";0.1461423834;0.1690921668;0.146105996;0.1601568897;2791346636.16;23087843480.4;"2024-05-04T23:59:59.999Z"
"2024-05-03T00:00:00.000Z";"2024-05-03T23:59:59.999Z";"2024-05-03T23:32:00.000Z";"2024-05-03T10:49:00.000Z";"2781";0.1321085684;0.1477618932;0.1314215098;0.1461455102;1266276713.6;21065548650.16;"2024-05-03T23:59:59.999Z"
"2024-05-02T00:00:00.000Z";"2024-05-02T23:59:59.999Z";"2024-05-02T18:11:00.000Z";"2024-05-02T05:07:00.000Z";"2781";0.1301338061;0.1342544193;0.1242266618;0.132106122;1308884973.29;19040878826.81;"2024-05-02T23:59:59.999Z"
"2024-05-01T00:00:00.000Z";"2024-05-01T23:59:59.999Z";"2024-05-01T00:13:00.000Z";"2024-05-01T15:24:00.000Z";"2781";0.1333266097;0.1337241959;0.1203481921;0.1301339114;2135887033.78;18754517988.82;"2024-05-01T23:59:59.999Z"
"2024-04-30T00:00:00.000Z";"2024-04-30T23:59:59.999Z";"2024-04-30T00:55:00.000Z";"2024-04-30T19:27:00.000Z";"2781";0.1434918848;0.1459019108;0.1297619998;0.1333267449;1342359702.12;19212870614.68;"2024-04-30T23:59:59.999Z"
"2024-04-29T00:00:00.000Z";"2024-04-29T23:59:59.999Z";"2024-04-29T02:13:00.000Z";"2024-04-29T19:29:00.000Z";"2781";0.1466992367;0.1479504499;0.1399052592;0.1434922236;1030579265.77;20675762384.28;"2024-04-29T23:59:59.999Z"
"2024-04-28T00:00:00.000Z";"2024-04-28T23:59:59.999Z";"2024-04-28T18:56:00.000Z";"2024-04-28T23:48:00.000Z";"2781";0.1477157077;0.1509604555;0.1463008299;0.1466989898;638063323.97;21135925251.49;"2024-04-28T23:59:59.999Z"
"2024-04-27T00:00:00.000Z";"2024-04-27T23:59:59.999Z";"2024-04-27T18:05:00.000Z";"2024-04-27T11:09:00.000Z";"2781";0.147836987;0.1493639119;0.1432987354;0.1477157077;847646782.91;21280348267.85;"2024-04-27T23:59:59.999Z"
"2024-04-26T00:00:00.000Z";"2024-04-26T23:59:59.999Z";"2024-04-26T06:02:00.000Z";"2024-04-26T22:46:00.000Z";"2781";0.1513935754;0.15172739;0.1470612789;0.147837237;877813548.57;21295812473.99;"2024-04-26T23:59:59.999Z"
"2024-04-25T00:00:00.000Z";"2024-04-25T23:59:59.999Z";"2024-04-25T21:19:00.000Z";"2024-04-25T13:22:00.000Z";"2781";0.1513555373;0.1541805384;0.1477525223;0.1513935754;1078441792.19;21806112367.4;"2024-04-25T23:59:59.999Z"
"2024-04-24T00:00:00.000Z";"2024-04-24T23:59:59.999Z";"2024-04-24T03:37:00.000Z";"2024-04-24T23:07:00.000Z";"2781";0.1599439064;0.1640942245;0.14952898;0.1513540428;1524749098.81;21798588697.62;"2024-04-24T23:59:59.999Z"
"2024-04-23T00:00:00.000Z";"2024-04-23T23:59:59.999Z";"2024-04-23T15:13:00.000Z";"2024-04-23T07:38:00.000Z";"2781";0.1611936456;0.1628681345;0.1571692312;0.1599439064;1047860345.77;23033406225.79;"2024-04-23T23:59:59.999Z"
"2024-04-22T00:00:00.000Z";"2024-04-22T23:59:59.999Z";"2024-04-22T06:28:00.000Z";"2024-04-22T02:10:00.000Z";"2781";0.1582589826;0.1633610991;0.1568427114;0.1611936456;1251987179.45;23211181574.71;"2024-04-22T23:59:59.999Z"
"2024-04-21T00:00:00.000Z";"2024-04-21T23:59:59.999Z";"2024-04-21T03:15:00.000Z";"2024-04-21T16:42:00.000Z";"2781";0.1628256878;0.165477998;0.1556055028;0.1582595297;1293159345.73;22786527781.65;"2024-04-21T23:59:59.999Z"
"2024-04-20T00:00:00.000Z";"2024-04-20T23:59:59.999Z";"2024-04-20T17:41:00.000Z";"2024-04-20T09:54:00.000Z";"2781";0.1562675526;0.1648418705;0.150941561;0.1628267993;1649509830.75;23441775958.21;"2024-04-20T23:59:59.999Z"
"2024-04-19T00:00:00.000Z";"2024-04-19T23:59:59.999Z";"2024-04-19T22:19:00.000Z";"2024-04-19T02:31:00.000Z";"2781";0.1524478525;0.1569055401;0.1396442203;0.1562675526;2186567401.91;22495513726.99;"2024-04-19T23:59:59.999Z"
"2024-04-18T00:00:00.000Z";"2024-04-18T23:59:59.999Z";"2024-04-18T21:43:00.000Z";"2024-04-18T08:24:00.000Z";"2781";0.1476063434;0.1537166297;0.1413070401;0.1524478525;1947482132.46;21943590297.77;"2024-04-18T23:59:59.999Z"
"2024-04-17T00:00:00.000Z";"2024-04-17T23:59:59.999Z";"2024-04-17T09:35:00.000Z";"2024-04-17T15:35:00.000Z";"2781";0.1559900392;0.1585109712;0.1448357175;0.1476052788;1972027906.66;21244691163.09;"2024-04-17T23:59:59.999Z"
"2024-04-16T00:00:00.000Z";"2024-04-16T23:59:59.999Z";"2024-04-16T01:35:00.000Z";"2024-04-16T16:22:00.000Z";"2781";0.1613688759;0.1622366635;0.1469082987;0.1559894426;2473810383.05;22449237290.64;"2024-04-16T23:59:59.999Z"
"2024-04-15T00:00:00.000Z";"2024-04-15T23:59:59.999Z";"2024-04-15T06:45:00.000Z";"2024-04-15T17:32:00.000Z";"2781";0.1622849162;0.168890202;0.1508842262;0.1613688163;3604719833.36;23221167847.79;"2024-04-15T23:59:59.999Z"
"2024-04-14T00:00:00.000Z";"2024-04-14T23:59:59.999Z";"2024-04-14T23:22:00.000Z";"2024-04-14T03:16:00.000Z";"2781";0.1531684562;0.1644859027;0.1444824977;0.1622849162;3723264166.61;23350770292.63;"2024-04-14T23:59:59.999Z"
"2024-04-13T00:00:00.000Z";"2024-04-13T23:59:59.999Z";"2024-04-13T04:50:00.000Z";"2024-04-13T21:31:00.000Z";"2781";0.174612302;0.1755715451;0.1321951858;0.1531684562;4750917199.2;22036954856.81;"2024-04-13T23:59:59.999Z"
"2024-04-12T00:00:00.000Z";"2024-04-12T23:59:59.999Z";"2024-04-12T09:06:00.000Z";"2024-04-12T18:37:00.000Z";"2781";0.1940111624;0.2004282675;0.162513219;0.1745972847;3611512055.15;25119805458.52;"2024-04-12T23:59:59.999Z"
"2024-04-11T00:00:00.000Z";"2024-04-11T23:59:59.999Z";"2024-04-11T08:43:00.000Z";"2024-04-11T16:41:00.000Z";"2781";0.199984302;0.2031196451;0.1904418715;0.1940111624;2179869258.57;27907905521.44;"2024-04-11T23:59:59.999Z"
"2024-04-10T00:00:00.000Z";"2024-04-10T23:59:59.999Z";"2024-04-10T22:42:00.000Z";"2024-04-10T12:41:00.000Z";"2781";0.1890006947;0.2016760939;0.1817621284;0.199984302;2662343294.54;28764441378.01;"2024-04-10T23:59:59.999Z"
"2024-04-09T00:00:00.000Z";"2024-04-09T23:59:59.999Z";"2024-04-09T00:13:00.000Z";"2024-04-09T17:19:00.000Z";"2781";0.2026398378;0.203242536;0.186360553;0.1890006947;2078490137.84;27182073552.81;"2024-04-09T23:59:59.999Z"
"2024-04-08T00:00:00.000Z";"2024-04-08T23:59:59.999Z";"2024-04-08T12:13:00.000Z";"2024-04-08T00:24:00.000Z";"2781";0.1991061629;0.2086902231;0.1958847482;0.2026397267;2106344171.98;29140900781.44;"2024-04-08T23:59:59.999Z"
"2024-04-07T00:00:00.000Z";"2024-04-07T23:59:59.999Z";"2024-04-07T15:16:00.000Z";"2024-04-07T00:04:00.000Z";"2781";0.1859486016;0.2048105305;0.1858027281;0.1991083365;2643420653.78;28630071762.69;"2024-04-07T23:59:59.999Z"
"2024-04-06T00:00:00.000Z";"2024-04-06T23:59:59.999Z";"2024-04-06T23:10:00.000Z";"2024-04-06T00:07:00.000Z";"2781";0.1775208698;0.187685775;0.1767902759;0.1859509573;1620171666.99;26735635338.31;"2024-04-06T23:59:59.999Z"
"2024-04-05T00:00:00.000Z";"2024-04-05T23:59:59.999Z";"2024-04-05T00:57:00.000Z";"2024-04-05T12:08:00.000Z";"2781";0.1799259971;0.1804803767;0.1680365395;0.1775175166;1914940616.31;25521528630.94;"2024-04-05T23:59:59.999Z"
"2024-04-04T00:00:00.000Z";"2024-04-04T23:59:59.999Z";"2024-04-04T13:22:00.000Z";"2024-04-04T04:27:00.000Z";"2781";0.1755468803;0.1881001185;0.1722618214;0.1799259971;2153623709.43;25864876022.38;"2024-04-04T23:59:59.999Z"
"2024-04-03T00:00:00.000Z";"2024-04-03T23:59:59.999Z";"2024-04-03T09:05:00.000Z";"2024-04-03T21:11:00.000Z";"2781";0.1823021001;0.1874030204;0.1705055866;0.1755468803;3112605374.49;25233002605.47;"2024-04-03T23:59:59.999Z"
"2024-04-02T00:00:00.000Z";"2024-04-02T23:59:59.999Z";"2024-04-02T00:00:00.000Z";"2024-04-02T11:31:00.000Z";"2781";0.2055754603;0.2055765509;0.1804675203;0.1823037134;3855758083.95;26201740917.45;"2024-04-02T23:59:59.999Z"
"2024-04-01T00:00:00.000Z";"2024-04-01T23:59:59.999Z";"2024-04-01T00:00:00.000Z";"2024-04-01T15:14:00.000Z";"2781";0.2200654871;0.2200677874;0.1981078765;0.2055704103;3408206741.71;29543014239.07;"2024-04-01T23:59:59.999Z"
"2024-03-31T00:00:00.000Z";"2024-03-31T23:59:59.999Z";"2024-03-31T19:52:00.000Z";"2024-03-31T00:01:00.000Z";"2781";0.1994129041;0.2239329648;0.1993338535;0.2200642944;2414867091.79;31623141219.06;"2024-03-31T23:59:59.999Z"
"2024-03-30T00:00:00.000Z";"2024-03-30T23:59:59.999Z";"2024-03-30T01:49:00.000Z";"2024-03-30T16:46:00.000Z";"2781";0.2134242033;0.2165159076;0.1978469556;0.1994343968;2403795719.29;28652694244.77;"2024-03-30T23:59:59.999Z"
"2024-03-29T00:00:00.000Z";"2024-03-29T23:59:59.999Z";"2024-03-29T00:34:00.000Z";"2024-03-29T15:59:00.000Z";"2781";0.2200559163;0.2243997022;0.2088098299;0.2134907808;3493454858.62;30672584774.61;"2024-03-29T23:59:59.999Z"
"2024-03-28T00:00:00.000Z";"2024-03-28T23:59:59.999Z";"2024-03-28T20:01:00.000Z";"2024-03-28T00:05:00.000Z";"2781";0.1903174664;0.2265807821;0.1895728648;0.2200559163;6553128323.1;31612840439;"2024-03-28T23:59:59.999Z"
"2024-03-27T00:00:00.000Z";"2024-03-27T23:59:59.999Z";"2024-03-27T22:43:00.000Z";"2024-03-27T14:14:00.000Z";"2781";0.1824855577;0.1912853369;0.1798431386;0.1903300969;4055908715.98;27338106092.41;"2024-03-27T23:59:59.999Z"
"2024-03-26T00:00:00.000Z";"2024-03-26T23:59:59.999Z";"2024-03-26T09:28:00.000Z";"2024-03-26T00:05:00.000Z";"2781";0.1753666131;0.1860573967;0.1749243289;0.1824855577;2877194654.06;26210640868.13;"2024-03-26T23:59:59.999Z"
"2024-03-25T00:00:00.000Z";"2024-03-25T23:59:59.999Z";"2024-03-25T15:04:00.000Z";"2024-03-25T09:17:00.000Z";"2781";0.1764533653;0.1859987736;0.1701662274;0.1753666131;2654389972.48;25185770042.57;"2024-03-25T23:59:59.999Z"
"2024-03-24T00:00:00.000Z";"2024-03-24T23:59:59.999Z";"2024-03-24T21:28:00.000Z";"2024-03-24T00:01:00.000Z";"2781";0.1617683477;0.1799004893;0.161716267;0.1764533653;2848346890.05;25339477246.6;"2024-03-24T23:59:59.999Z"
"2024-03-23T00:00:00.000Z";"2024-03-23T23:59:59.999Z";"2024-03-23T17:32:00.000Z";"2024-03-23T00:27:00.000Z";"2781";0.1527028467;0.1746187206;0.1518549239;0.1617683477;2912614105.53;23228466903.74;"2024-03-23T23:59:59.999Z"
"2024-03-22T00:00:00.000Z";"2024-03-22T23:59:59.999Z";"2024-03-22T08:23:00.000Z";"2024-03-22T14:49:00.000Z";"2781";0.1553001271;0.1649019;0.1455913527;0.1527028467;2672448713.36;21924689359.68;"2024-03-22T23:59:59.999Z"
"2024-03-21T00:00:00.000Z";"2024-03-21T23:59:59.999Z";"2024-03-21T17:11:00.000Z";"2024-03-21T05:23:00.000Z";"2781";0.1521862342;0.1587587201;0.1471890911;0.1552917973;2581283876.66;22295509992.27;"2024-03-21T23:59:59.999Z"
"2024-03-20T00:00:00.000Z";"2024-03-20T23:59:59.999Z";"2024-03-20T23:17:00.000Z";"2024-03-20T05:34:00.000Z";"2781";0.1287350974;0.1528682406;0.1234532715;0.1521862342;3190645445.83;21846400330.95;"2024-03-20T23:59:59.999Z"
"2024-03-19T00:00:00.000Z";"2024-03-19T23:59:59.999Z";"2024-03-19T00:22:00.000Z";"2024-03-19T09:14:00.000Z";"2781";0.1436728978;0.1450136652;0.1256302742;0.1287279541;2946516944.4;18477213578.57;"2024-03-19T23:59:59.999Z"
"2024-03-18T00:00:00.000Z";"2024-03-18T23:59:59.999Z";"2024-03-18T00:01:00.000Z";"2024-03-18T17:10:00.000Z";"2781";0.1543277435;0.1543321419;0.1401971435;0.1436728978;1657669949.1;20620412205.98;"2024-03-18T23:59:59.999Z"
"2024-03-17T00:00:00.000Z";"2024-03-17T23:59:59.999Z";"2024-03-17T17:49:00.000Z";"2024-03-17T07:25:00.000Z";"2781";0.1423642787;0.1587607677;0.1377322687;0.1543299185;2329294453.47;22147566191.17;"2024-03-17T23:59:59.999Z"
"2024-03-16T00:00:00.000Z";"2024-03-16T23:59:59.999Z";"2024-03-16T01:34:00.000Z";"2024-03-16T23:19:00.000Z";"2781";0.1632312469;0.1649355703;0.1384187463;0.142368104;2400392025.53;20428769509.19;"2024-03-16T23:59:59.999Z"
"2024-03-15T00:00:00.000Z";"2024-03-15T23:59:59.999Z";"2024-03-15T01:16:00.000Z";"2024-03-15T09:15:00.000Z";"2781";0.1773289357;0.1810574086;0.1540816043;0.1632312469;3584306802.4;23420875764.14;"2024-03-15T23:59:59.999Z"
"2024-03-14T00:00:00.000Z";"2024-03-14T23:59:59.999Z";"2024-03-14T04:14:00.000Z";"2024-03-14T01:43:00.000Z";"2781";0.1691578166;0.1915123587;0.1656242481;0.1773301453;6047716785.45;25441252306.59;"2024-03-14T23:59:59.999Z"
"2024-03-13T00:00:00.000Z";"2024-03-13T23:59:59.999Z";"2024-03-13T07:47:00.000Z";"2024-03-13T15:07:00.000Z";"2781";0.1681521746;0.1738510069;0.1657915105;0.1691578361;1930415341.74;24266652385.77;"2024-03-13T23:59:59.999Z"
"2024-03-12T00:00:00.000Z";"2024-03-12T23:59:59.999Z";"2024-03-12T00:04:00.000Z";"2024-03-12T17:31:00.000Z";"2781";0.1819725612;0.1831084066;0.1601036548;0.1681443317;2524942570.93;24120097077.61;"2024-03-12T23:59:59.999Z"
"2024-03-11T00:00:00.000Z";"2024-03-11T23:59:59.999Z";"2024-03-11T23:53:00.000Z";"2024-03-11T01:41:00.000Z";"2781";0.1699069466;0.1825088869;0.1625670185;0.1819649361;2905703481.94;26100052653.04;"2024-03-11T23:59:59.999Z"
"2024-03-10T00:00:00.000Z";"2024-03-10T23:59:59.999Z";"2024-03-10T00:37:00.000Z";"2024-03-10T22:58:00.000Z";"2781";0.1790830444;0.1795878826;0.1659515564;0.1699204076;2274489695.57;24367183741.61;"2024-03-10T23:59:59.999Z"
"2024-03-09T00:00:00.000Z";"2024-03-09T23:59:59.999Z";"2024-03-09T18:04:00.000Z";"2024-03-09T10:29:00.000Z";"2781";0.1653470361;0.1845431153;0.1643186942;0.1790830444;3451219763.92;25680719241.11;"2024-03-09T23:59:59.999Z"
"2024-03-08T00:00:00.000Z";"2024-03-08T23:59:59.999Z";"2024-03-08T14:13:00.000Z";"2024-03-08T00:10:00.000Z";"2781";0.1581202527;0.1754947066;0.1554938748;0.1653467221;3976624455.38;23708685972.51;"2024-03-08T23:59:59.999Z"
"2024-03-07T00:00:00.000Z";"2024-03-07T23:59:59.999Z";"2024-03-07T02:06:00.000Z";"2024-03-07T05:56:00.000Z";"2781";0.1577914506;0.1620406116;0.147081538;0.1581214696;3006036407.37;22670484867.32;"2024-03-07T23:59:59.999Z"
"2024-03-06T00:00:00.000Z";"2024-03-06T23:59:59.999Z";"2024-03-06T08:37:00.000Z";"2024-03-06T03:01:00.000Z";"2781";0.1539254396;0.1774334266;0.1469671203;0.1577914506;4497901223.85;22621032276.32;"2024-03-06T23:59:59.999Z"
"2024-03-05T00:00:00.000Z";"2024-03-05T23:59:59.999Z";"2024-03-05T02:07:00.000Z";"2024-03-05T20:43:00.000Z";"2781";0.1828038073;0.2054387119;0.130102746;0.153937326;9368269376.75;22064706332.69;"2024-03-05T23:59:59.999Z"
"2024-03-04T00:00:00.000Z";"2024-03-04T23:59:59.999Z";"2024-03-04T23:22:00.000Z";"2024-03-04T00:53:00.000Z";"2781";0.1539411399;0.184307336;0.1487808585;0.1829100354;6348241494.24;26217050763.06;"2024-03-04T23:59:59.999Z"
"2024-03-03T00:00:00.000Z";"2024-03-03T23:59:59.999Z";"2024-03-03T23:34:00.000Z";"2024-03-03T08:16:00.000Z";"2781";0.1421306661;0.1557590976;0.1298395402;0.1538357683;4012808483.43;22047638692.57;"2024-03-03T23:59:59.999Z"
"2024-03-02T00:00:00.000Z";"2024-03-02T23:59:59.999Z";"2024-03-02T08:55:00.000Z";"2024-03-02T14:31:00.000Z";"2781";0.1396144255;0.1500643312;0.136927007;0.1421214201;3588994520.19;20366807654.67;"2024-03-02T23:59:59.999Z"
"2024-03-01T00:00:00.000Z";"2024-03-01T23:59:59.999Z";"2024-03-01T22:28:00.000Z";"2024-03-01T00:00:00.000Z";"2781";0.1171668135;0.1452613123;0.1171668135;0.1395571526;3758449850.9;19997441145.6;"2024-03-01T23:59:59.999Z"
"2024-02-29T00:00:00.000Z";"2024-02-29T23:59:59.999Z";"2024-02-29T06:52:00.000Z";"2024-02-29T02:44:00.000Z";"2781";0.116446692;0.1344088098;0.111815677;0.1171847437;4799960277.23;16790060913.41;"2024-02-29T23:59:59.999Z"
"2024-02-28T00:00:00.000Z";"2024-02-28T23:59:59.999Z";"2024-02-28T17:05:00.000Z";"2024-02-28T03:58:00.000Z";"2781";0.0976727291;0.1211158708;0.0946068494;0.1165818662;3843947640.51;16702090145.39;"2024-02-28T23:59:59.999Z"
"2024-02-27T00:00:00.000Z";"2024-02-27T23:59:59.999Z";"2024-02-27T20:39:00.000Z";"2024-02-27T00:56:00.000Z";"2781";0.0893884625;0.0999568466;0.0886371381;0.0976713287;1806722811.42;13991555197.6;"2024-02-27T23:59:59.999Z"
"2024-02-26T00:00:00.000Z";"2024-02-26T23:59:59.999Z";"2024-02-26T23:26:00.000Z";"2024-02-26T12:24:00.000Z";"2781";0.086098474;0.0900239364;0.0842917444;0.0893886563;523738047.67;12803818960.5;"2024-02-26T23:59:59.999Z"
"2024-02-25T00:00:00.000Z";"2024-02-25T23:59:59.999Z";"2024-02-25T15:15:00.000Z";"2024-02-25T03:23:00.000Z";"2781";0.0861572411;0.0867594439;0.0854608279;0.086099171;290853292.15;12331469933.45;"2024-02-25T23:59:59.999Z"
"2024-02-24T00:00:00.000Z";"2024-02-24T23:59:59.999Z";"2024-02-24T17:50:00.000Z";"2024-02-24T02:06:00.000Z";"2781";0.0844483487;0.0863203842;0.0839553519;0.0861562468;326082311.4;12338467668.16;"2024-02-24T23:59:59.999Z"
"2024-02-23T00:00:00.000Z";"2024-02-23T23:59:59.999Z";"2024-02-23T20:56:00.000Z";"2024-02-23T09:08:00.000Z";"2781";0.0840830531;0.0854828499;0.0830358671;0.0844343427;400189068.66;12090722317.12;"2024-02-23T23:59:59.999Z"
"2024-02-22T00:00:00.000Z";"2024-02-22T23:59:59.999Z";"2024-02-22T21:01:00.000Z";"2024-02-22T02:01:00.000Z";"2781";0.084605181;0.0854067211;0.0831654799;0.0840890748;362895383.19;12040161012.48;"2024-02-22T23:59:59.999Z"
"2024-02-21T00:00:00.000Z";"2024-02-21T23:59:59.999Z";"2024-02-21T00:15:00.000Z";"2024-02-21T18:31:00.000Z";"2781";0.0861478092;0.086222413;0.0821734854;0.0846150737;435393890.25;12114316107.87;"2024-02-21T23:59:59.999Z"
"2024-02-20T00:00:00.000Z";"2024-02-20T23:59:59.999Z";"2024-02-20T00:34:00.000Z";"2024-02-20T17:26:00.000Z";"2781";0.0894738113;0.0912084143;0.0835682938;0.0861429664;801458656.52;12331894250.87;"2024-02-20T23:59:59.999Z"
"2024-02-19T00:00:00.000Z";"2024-02-19T23:59:59.999Z";"2024-02-19T23:35:00.000Z";"2024-02-19T01:38:00.000Z";"2781";0.0851694358;0.0905364769;0.0851209447;0.0894767156;663450017.22;12807915068.93;"2024-02-19T23:59:59.999Z"
"2024-02-18T00:00:00.000Z";"2024-02-18T23:59:59.999Z";"2024-02-18T22:40:00.000Z";"2024-02-18T02:10:00.000Z";"2781";0.0835923072;0.0856996648;0.0830172195;0.0851664898;300251530.42;12189771221.39;"2024-02-18T23:59:59.999Z"
"2024-02-17T00:00:00.000Z";"2024-02-17T23:59:59.999Z";"2024-02-17T00:48:00.000Z";"2024-02-17T14:50:00.000Z";"2781";0.0860156668;0.0860590084;0.082204965;0.0835933854;347758663.75;11963477911.63;"2024-02-17T23:59:59.999Z"
"2024-02-16T00:00:00.000Z";"2024-02-16T23:59:59.999Z";"2024-02-16T12:53:00.000Z";"2024-02-16T15:17:00.000Z";"2781";0.0853547868;0.087879908;0.0843932426;0.0860131856;441121282.44;12308620731.04;"2024-02-16T23:59:59.999Z"
"2024-02-15T00:00:00.000Z";"2024-02-15T23:59:59.999Z";"2024-02-15T01:41:00.000Z";"2024-02-15T16:17:00.000Z";"2781";0.0855461006;0.0880484501;0.0841663629;0.0853557889;636946995.51;12213405035.45;"2024-02-15T23:59:59.999Z"
"2024-02-14T00:00:00.000Z";"2024-02-14T23:59:59.999Z";"2024-02-14T21:38:00.000Z";"2024-02-14T01:47:00.000Z";"2781";0.081086114;0.0870032331;0.0805685841;0.0855425859;627015517.54;12238980366.94;"2024-02-14T23:59:59.999Z"
"2024-02-13T00:00:00.000Z";"2024-02-13T23:59:59.999Z";"2024-02-13T09:59:00.000Z";"2024-02-13T14:25:00.000Z";"2781";0.0823328474;0.0829541233;0.0800621094;0.0810894346;419683384.79;11600756396.97;"2024-02-13T23:59:59.999Z"
"2024-02-12T00:00:00.000Z";"2024-02-12T23:59:59.999Z";"2024-02-12T18:31:00.000Z";"2024-02-12T11:35:00.000Z";"2781";0.0812027694;0.0827967614;0.0795679722;0.0823450797;360525325.67;11779256670.93;"2024-02-12T23:59:59.999Z"
"2024-02-11T00:00:00.000Z";"2024-02-11T23:59:59.999Z";"2024-02-11T08:08:00.000Z";"2024-02-11T20:59:00.000Z";"2781";0.0814472959;0.0832790499;0.0809919034;0.0811930468;304303558.02;11613346482.1;"2024-02-11T23:59:59.999Z"
"2024-02-10T00:00:00.000Z";"2024-02-10T23:59:59.999Z";"2024-02-10T03:17:00.000Z";"2024-02-10T10:56:00.000Z";"2781";0.0815818066;0.0820826538;0.0804616937;0.0814481967;212946390.86;11648755826.47;"2024-02-10T23:59:59.999Z"
"2024-02-09T00:00:00.000Z";"2024-02-09T23:59:59.999Z";"2024-02-09T14:14:00.000Z";"2024-02-09T00:00:00.000Z";"2781";0.0798702174;0.0820880636;0.0798702174;0.0815791354;333635097.28;11666377335.67;"2024-02-09T23:59:59.999Z"
"2024-02-08T00:00:00.000Z";"2024-02-08T23:59:59.999Z";"2024-02-08T16:06:00.000Z";"2024-02-08T22:47:00.000Z";"2781";0.08010127;0.0807553541;0.0796256732;0.0798711748;248828595.4;11421050553.39;"2024-02-08T23:59:59.999Z"
"2024-02-07T00:00:00.000Z";"2024-02-07T23:59:59.999Z";"2024-02-07T22:34:00.000Z";"2024-02-07T05:11:00.000Z";"2781";0.0784700552;0.0802549052;0.0782114757;0.0801040507;213373948.07;11453273671.35;"2024-02-07T23:59:59.999Z"
"2024-02-06T00:00:00.000Z";"2024-02-06T23:59:59.999Z";"2024-02-06T20:17:00.000Z";"2024-02-06T12:56:00.000Z";"2781";0.078226268;0.0791805321;0.0777626836;0.0784660137;192061698.8;11217996154.11;"2024-02-06T23:59:59.999Z"
"2024-02-05T00:00:00.000Z";"2024-02-05T23:59:59.999Z";"2024-02-05T11:08:00.000Z";"2024-02-05T01:16:00.000Z";"2781";0.078247534;0.08002657;0.0775043734;0.0782195961;257544918.53;11181709205.63;"2024-02-05T23:59:59.999Z"
"2024-02-04T00:00:00.000Z";"2024-02-04T23:59:59.999Z";"2024-02-04T16:37:00.000Z";"2024-02-04T23:25:00.000Z";"2781";0.0786583055;0.0798574143;0.0780836201;0.0782378645;183715849;11183258260.32;"2024-02-04T23:59:59.999Z"
"2024-02-03T00:00:00.000Z";"2024-02-03T23:59:59.999Z";"2024-02-03T05:54:00.000Z";"2024-02-03T15:11:00.000Z";"2781";0.07923421;0.0794547253;0.0786156479;0.0786511496;152907808.76;11241254601.73;"2024-02-03T23:59:59.999Z"
"2024-02-02T00:00:00.000Z";"2024-02-02T23:59:59.999Z";"2024-02-02T03:35:00.000Z";"2024-02-02T13:53:00.000Z";"2781";0.0793266211;0.0799010322;0.0786216321;0.0792329303;220161255.73;11323333865.4;"2024-02-02T23:59:59.999Z"
"2024-02-01T00:00:00.000Z";"2024-02-01T23:59:59.999Z";"2024-02-01T19:52:00.000Z";"2024-02-01T01:23:00.000Z";"2781";0.0787633262;0.0797785281;0.0776837395;0.0793266119;257042562.58;11335628977.62;"2024-02-01T23:59:59.999Z"
"2024-01-31T00:00:00.000Z";"2024-01-31T23:59:59.999Z";"2024-01-31T04:16:00.000Z";"2024-01-31T21:32:00.000Z";"2781";0.0797291068;0.0802219643;0.078214126;0.0787637573;307301569.41;11254141061.6;"2024-01-31T23:59:59.999Z"
"2024-01-30T00:00:00.000Z";"2024-01-30T23:59:59.999Z";"2024-01-30T12:26:00.000Z";"2024-01-30T23:45:00.000Z";"2781";0.0813000063;0.0821286298;0.0795934894;0.0797232959;333456482.63;11390173826.2;"2024-01-30T23:59:59.999Z"
"2024-01-29T00:00:00.000Z";"2024-01-29T23:59:59.999Z";"2024-01-29T13:09:00.000Z";"2024-01-29T08:24:00.000Z";"2781";0.0788125722;0.0828716088;0.0782232861;0.0812892319;540569156.71;11612815175.09;"2024-01-29T23:59:59.999Z"
"2024-01-28T00:00:00.000Z";"2024-01-28T23:59:59.999Z";"2024-01-28T05:02:00.000Z";"2024-01-28T19:45:00.000Z";"2781";0.0801404713;0.0813695077;0.0782919524;0.0788127979;257196385.32;11257969693.43;"2024-01-28T23:59:59.999Z"
"2024-01-27T00:00:00.000Z";"2024-01-27T23:59:59.999Z";"2024-01-27T22:30:00.000Z";"2024-01-27T07:29:00.000Z";"2781";0.0798834024;0.0806782687;0.0790712655;0.0801422218;212327663.09;11446780566.56;"2024-01-27T23:59:59.999Z"
"2024-01-26T00:00:00.000Z";"2024-01-26T23:59:59.999Z";"2024-01-26T16:53:00.000Z";"2024-01-26T01:11:00.000Z";"2781";0.0779288991;0.0802792385;0.077594802;0.0799011654;283895680.34;11411268425.36;"2024-01-26T23:59:59.999Z"
"2024-01-25T00:00:00.000Z";"2024-01-25T23:59:59.999Z";"2024-01-25T00:45:00.000Z";"2024-01-25T17:11:00.000Z";"2781";0.0790162166;0.0791365844;0.0771927596;0.077932549;292888748.35;11129050612.8;"2024-01-25T23:59:59.999Z"
"2024-01-24T00:00:00.000Z";"2024-01-24T23:59:59.999Z";"2024-01-24T10:52:00.000Z";"2024-01-24T03:54:00.000Z";"2781";0.0781566072;0.0805178301;0.0777499688;0.0790159375;372585721.54;11282684635.99;"2024-01-24T23:59:59.999Z"
"2024-01-23T00:00:00.000Z";"2024-01-23T23:59:59.999Z";"2024-01-23T01:59:00.000Z";"2024-01-23T14:25:00.000Z";"2781";0.080346305;0.0816773688;0.0760907712;0.0781536716;555482191.12;11158496471.44;"2024-01-23T23:59:59.999Z"
"2024-01-22T00:00:00.000Z";"2024-01-22T23:59:59.999Z";"2024-01-22T00:04:00.000Z";"2024-01-22T23:43:00.000Z";"2781";0.0852922458;0.0854163354;0.0801950707;0.0803408712;673330907.93;11469695473.59;"2024-01-22T23:59:59.999Z"
"2024-01-21T00:00:00.000Z";"2024-01-21T23:59:59.999Z";"2024-01-21T02:52:00.000Z";"2024-01-21T23:23:00.000Z";"2781";0.0878680507;0.0899916367;0.084842577;0.0852732693;948730356.32;12172700904.99;"2024-01-21T23:59:59.999Z"
"2024-01-20T00:00:00.000Z";"2024-01-20T23:59:59.999Z";"2024-01-20T23:23:00.000Z";"2024-01-20T06:03:00.000Z";"2781";0.0785343064;0.0899984741;0.0782362817;0.0878879798;684267183.63;12544763423.77;"2024-01-20T23:59:59.999Z"
"2024-01-19T00:00:00.000Z";"2024-01-19T23:59:59.999Z";"2024-01-19T20:14:00.000Z";"2024-01-19T16:47:00.000Z";"2781";0.077987501;0.0787051796;0.0751524987;0.0785361899;351038255.22;11208873225.56;"2024-01-19T23:59:59.999Z"
"2024-01-18T00:00:00.000Z";"2024-01-18T23:59:59.999Z";"2024-01-18T01:06:00.000Z";"2024-01-18T20:35:00.000Z";"2781";0.0805093437;0.0806934804;0.0773994192;0.0779871821;314880990.42;11129465467.53;"2024-01-18T23:59:59.999Z"
"2024-01-17T00:00:00.000Z";"2024-01-17T23:59:59.999Z";"2024-01-17T01:01:00.000Z";"2024-01-17T17:08:00.000Z";"2781";0.0813124085;0.0815389401;0.0795560501;0.0805054746;261149597.38;11487767052.9;"2024-01-17T23:59:59.999Z"
"2024-01-16T00:00:00.000Z";"2024-01-16T23:59:59.999Z";"2024-01-16T09:04:00.000Z";"2024-01-16T14:46:00.000Z";"2781";0.0811063953;0.0822670614;0.0799895012;0.0813098711;328206881.89;11601436843.82;"2024-01-16T23:59:59.999Z"
"2024-01-15T00:00:00.000Z";"2024-01-15T23:59:59.999Z";"2024-01-15T18:46:00.000Z";"2024-01-15T00:00:00.000Z";"2781";0.0799685465;0.0816368633;0.0799685465;0.0811250514;272657967.03;11573968822.96;"2024-01-15T23:59:59.999Z"
"2024-01-14T00:00:00.000Z";"2024-01-14T23:59:59.999Z";"2024-01-14T10:37:00.000Z";"2024-01-14T23:40:00.000Z";"2781";0.0809211564;0.0838242715;0.0798513165;0.0799782037;461353846.5;11409264761.12;"2024-01-14T23:59:59.999Z"
"2024-01-13T00:00:00.000Z";"2024-01-13T23:59:59.999Z";"2024-01-13T16:34:00.000Z";"2024-01-13T01:15:00.000Z";"2781";0.0800362891;0.0812598164;0.0789064082;0.0809227542;297741301.19;11542908765.05;"2024-01-13T23:59:59.999Z"
"2024-01-12T00:00:00.000Z";"2024-01-12T23:59:59.999Z";"2024-01-12T14:31:00.000Z";"2024-01-12T22:31:00.000Z";"2781";0.0846152169;0.0853783959;0.0782474043;0.0800460981;607108203.43;11416783372.9;"2024-01-12T23:59:59.999Z"
"2024-01-11T00:00:00.000Z";"2024-01-11T23:59:59.999Z";"2024-01-11T14:55:00.000Z";"2024-01-11T06:16:00.000Z";"2781";0.0829694591;0.0876354424;0.0823825299;0.0846246871;778110108.88;12068685980.68;"2024-01-11T23:59:59.999Z"
"2024-01-10T00:00:00.000Z";"2024-01-10T23:59:59.999Z";"2024-01-10T23:25:00.000Z";"2024-01-10T12:58:00.000Z";"2781";0.0792629921;0.0844504793;0.0766826328;0.082941858;703451086.44;11827559241.59;"2024-01-10T23:59:59.999Z"
"2024-01-09T00:00:00.000Z";"2024-01-09T23:59:59.999Z";"2024-01-09T17:32:00.000Z";"2024-01-09T17:11:00.000Z";"2781";0.0813780265;0.0821823744;0.0772334244;0.0792629223;957047299.77;11301873911.79;"2024-01-09T23:59:59.999Z"
"2024-01-08T00:00:00.000Z";"2024-01-08T23:59:59.999Z";"2024-01-08T23:14:00.000Z";"2024-01-08T03:28:00.000Z";"2781";0.0782279757;0.0817168412;0.0749720551;0.0813697881;603250656.65;11601189017.2;"2024-01-08T23:59:59.999Z"
"2024-01-07T00:00:00.000Z";"2024-01-07T23:59:59.999Z";"2024-01-07T00:55:00.000Z";"2024-01-07T23:31:00.000Z";"2781";0.0806675855;0.0814742092;0.0776350292;0.0782245904;399266340.92;11151707494.12;"2024-01-07T23:59:59.999Z"
"2024-01-06T00:00:00.000Z";"2024-01-06T23:59:59.999Z";"2024-01-06T00:00:00.000Z";"2024-01-06T06:58:00.000Z";"2781";0.0827727652;0.0827727652;0.0788541225;0.0806642155;414677901.48;11498412596.3;"2024-01-06T23:59:59.999Z"
"2024-01-05T00:00:00.000Z";"2024-01-05T23:59:59.999Z";"2024-01-05T00:28:00.000Z";"2024-01-05T17:10:00.000Z";"2781";0.0841206349;0.0847547601;0.0812353539;0.0827733726;547983036.53;11797938474.1;"2024-01-05T23:59:59.999Z"
"2024-01-04T00:00:00.000Z";"2024-01-04T23:59:59.999Z";"2024-01-04T21:10:00.000Z";"2024-01-04T02:05:00.000Z";"2781";0.082048603;0.0846552925;0.0815511317;0.0841305376;514230238.89;11990244372.02;"2024-01-04T23:59:59.999Z"
"2024-01-03T00:00:00.000Z";"2024-01-03T23:59:59.999Z";"2024-01-03T09:43:00.000Z";"2024-01-03T12:16:00.000Z";"2781";0.0912048837;0.0920928962;0.0810180435;0.0820423187;1026941028.9;11691528934.74;"2024-01-03T23:59:59.999Z"
"2024-01-02T00:00:00.000Z";"2024-01-02T23:59:59.999Z";"2024-01-02T09:08:00.000Z";"2024-01-02T21:05:00.000Z";"2781";0.0920366884;0.0943296135;0.0908037378;0.091203878;496309009.84;12995866437.63;"2024-01-02T23:59:59.999Z"
"2024-01-01T00:00:00.000Z";"2024-01-01T23:59:59.999Z";"2024-01-01T20:12:00.000Z";"2024-01-01T04:23:00.000Z";"2781";0.089473252;0.0920458236;0.0888381614;0.0920237372;298687048.54;13111468130.23;"2024-01-01T23:59:59.999Z"
"2023-12-31T00:00:00.000Z";"2023-12-31T23:59:59.999Z";"2023-12-31T09:40:00.000Z";"2023-12-31T22:55:00.000Z";"2781";0.0901455554;0.0908160397;0.0889705303;0.0894715644;259196255.17;12746626943.45;"2023-12-31T23:59:59.999Z"
"2023-12-30T00:00:00.000Z";"2023-12-30T23:59:59.999Z";"2023-12-30T01:37:00.000Z";"2023-12-30T09:46:00.000Z";"2781";0.0910310221;0.0914008814;0.0895934206;0.0901482261;252403425.5;12841822730.74;"2023-12-30T23:59:59.999Z"
"2023-12-29T00:00:00.000Z";"2023-12-29T23:59:59.999Z";"2023-12-29T15:02:00.000Z";"2023-12-29T22:23:00.000Z";"2781";0.0918828729;0.0930143954;0.0896672451;0.0910379086;407349878.26;12967313745.95;"2023-12-29T23:59:59.999Z"
"2023-12-28T00:00:00.000Z";"2023-12-28T23:59:59.999Z";"2023-12-28T03:55:00.000Z";"2023-12-28T16:05:00.000Z";"2781";0.09359493;0.0949005678;0.0913772654;0.0918844535;464569016.32;13086647553.16;"2023-12-28T23:59:59.999Z"
"2023-12-27T00:00:00.000Z";"2023-12-27T23:59:59.999Z";"2023-12-27T22:25:00.000Z";"2023-12-27T03:34:00.000Z";"2781";0.0913540155;0.0938640979;0.0899210855;0.0935785262;423259087.74;13326657009.76;"2023-12-27T23:59:59.999Z"
"2023-12-26T00:00:00.000Z";"2023-12-26T23:59:59.999Z";"2023-12-26T00:00:00.000Z";"2023-12-26T17:43:00.000Z";"2781";0.0944467709;0.0944467709;0.0891215755;0.0913564523;567640364.66;13008965711.84;"2023-12-26T23:59:59.999Z"
"2023-12-25T00:00:00.000Z";"2023-12-25T23:59:59.999Z";"2023-12-25T18:37:00.000Z";"2023-12-25T00:46:00.000Z";"2781";0.0919028373;0.0951665542;0.091540329;0.0944490523;435910883.73;13448088299.95;"2023-12-25T23:59:59.999Z"
"2023-12-24T00:00:00.000Z";"2023-12-24T23:59:59.999Z";"2023-12-24T14:19:00.000Z";"2023-12-24T22:52:00.000Z";"2781";0.0935788461;0.0948019359;0.0913477722;0.0918951531;566323407.33;13083212776.99;"2023-12-24T23:59:59.999Z"
"2023-12-23T00:00:00.000Z";"2023-12-23T23:59:59.999Z";"2023-12-23T00:00:00.000Z";"2023-12-23T04:07:00.000Z";"2781";0.0952003539;0.0952003539;0.0924266981;0.093562417;357245325.63;13319307693.84;"2023-12-23T23:59:59.999Z"
"2023-12-22T00:00:00.000Z";"2023-12-22T23:59:59.999Z";"2023-12-22T01:16:00.000Z";"2023-12-22T07:46:00.000Z";"2781";0.0950068989;0.0954935161;0.0923313237;0.0951984684;622353150.14;13550916165.55;"2023-12-22T23:59:59.999Z"
"2023-12-21T00:00:00.000Z";"2023-12-21T23:59:59.999Z";"2023-12-21T20:43:00.000Z";"2023-12-21T02:10:00.000Z";"2781";0.0914241754;0.0972105768;0.0908323107;0.095004233;808685568.58;13521973996.2;"2023-12-21T23:59:59.999Z"
"2023-12-20T00:00:00.000Z";"2023-12-20T23:59:59.999Z";"2023-12-20T15:40:00.000Z";"2023-12-20T08:40:00.000Z";"2781";0.0902899715;0.0932646146;0.0897436817;0.0914168417;596172199.08;13010124617.28;"2023-12-20T23:59:59.999Z"
"2023-12-19T00:00:00.000Z";"2023-12-19T23:59:59.999Z";"2023-12-19T02:10:00.000Z";"2023-12-19T18:02:00.000Z";"2781";0.0920380592;0.0933552033;0.0896066802;0.0902972877;482452805.08;12849575503.23;"2023-12-19T23:59:59.999Z"
"2023-12-18T00:00:00.000Z";"2023-12-18T23:59:59.999Z";"2023-12-18T00:55:00.000Z";"2023-12-18T10:35:00.000Z";"2781";0.0930841621;0.0936511924;0.0871870343;0.0920355043;685264949.54;13095681876.98;"2023-12-18T23:59:59.999Z"
"2023-12-17T00:00:00.000Z";"2023-12-17T23:59:59.999Z";"2023-12-17T00:17:00.000Z";"2023-12-17T23:34:00.000Z";"2781";0.0970617516;0.0975852252;0.0927751603;0.0930972557;482463967.89;13245499229.75;"2023-12-17T23:59:59.999Z"
"2023-12-16T00:00:00.000Z";"2023-12-16T23:59:59.999Z";"2023-12-16T23:58:00.000Z";"2023-12-16T00:40:00.000Z";"2781";0.0930037397;0.0970758494;0.0922846218;0.0970558604;498585277.48;13807394436.03;"2023-12-16T23:59:59.999Z"
"2023-12-15T00:00:00.000Z";"2023-12-15T23:59:59.999Z";"2023-12-15T00:22:00.000Z";"2023-12-15T23:31:00.000Z";"2781";0.0982685263;0.0986105161;0.0929727087;0.0930042332;614056351.19;13229748596.65;"2023-12-15T23:59:59.999Z"
"2023-12-14T00:00:00.000Z";"2023-12-14T23:59:59.999Z";"2023-12-14T17:46:00.000Z";"2023-12-14T13:36:00.000Z";"2781";0.0964270763;0.0986789174;0.0949748849;0.0982550183;742258597.94;13975347363.14;"2023-12-14T23:59:59.999Z"
"2023-12-13T00:00:00.000Z";"2023-12-13T23:59:59.999Z";"2023-12-13T22:28:00.000Z";"2023-12-13T07:02:00.000Z";"2781";0.0938203855;0.0973817511;0.0906047204;0.0964284284;812811809.77;13714235885.44;"2023-12-13T23:59:59.999Z"
"2023-12-12T00:00:00.000Z";"2023-12-12T23:59:59.999Z";"2023-12-12T03:16:00.000Z";"2023-12-12T18:01:00.000Z";"2781";0.0943817008;0.0974531377;0.0915415314;0.0938354846;948285885.62;13344189098.83;"2023-12-12T23:59:59.999Z"
"2023-12-11T00:00:00.000Z";"2023-12-11T23:59:59.999Z";"2023-12-11T01:56:00.000Z";"2023-12-11T18:32:00.000Z";"2781";0.1018115448;0.1058374307;0.0918153331;0.0943839869;1973481451.48;13420919355.24;"2023-12-11T23:59:59.999Z"
"2023-12-10T00:00:00.000Z";"2023-12-10T23:59:59.999Z";"2023-12-10T21:10:00.000Z";"2023-12-10T10:01:00.000Z";"2781";0.0985426477;0.1026357585;0.0971518685;0.101800823;687190078.75;14474189270.26;"2023-12-10T23:59:59.999Z"
"2023-12-09T00:00:00.000Z";"2023-12-09T23:59:59.999Z";"2023-12-09T08:01:00.000Z";"2023-12-09T23:37:00.000Z";"2781";0.1014959543;0.1046146713;0.0980414829;0.0985415974;1122491937.57;14009458510.85;"2023-12-09T23:59:59.999Z"
"2023-12-08T00:00:00.000Z";"2023-12-08T23:59:59.999Z";"2023-12-08T21:31:00.000Z";"2023-12-08T00:47:00.000Z";"2781";0.0959144864;0.1034055765;0.0958249963;0.1014700357;1017561990.95;14424413708.15;"2023-12-08T23:59:59.999Z"
"2023-12-07T00:00:00.000Z";"2023-12-07T23:59:59.999Z";"2023-12-07T05:43:00.000Z";"2023-12-07T21:02:00.000Z";"2781";0.0948905746;0.0979389213;0.0933076631;0.0959202062;1229053761.56;13634175464.26;"2023-12-07T23:59:59.999Z"
"2023-12-06T00:00:00.000Z";"2023-12-06T23:59:59.999Z";"2023-12-06T07:17:00.000Z";"2023-12-06T00:14:00.000Z";"2781";0.0942482204;0.105431858;0.0937744347;0.0948642381;2606846041.22;13482821403.19;"2023-12-06T23:59:59.999Z"
"2023-12-05T00:00:00.000Z";"2023-12-05T23:59:59.999Z";"2023-12-05T19:31:00.000Z";"2023-12-05T11:04:00.000Z";"2781";0.0919205561;0.0950568504;0.0877204931;0.0942468535;1094480331.8;13393800762.58;"2023-12-05T23:59:59.999Z"
"2023-12-04T00:00:00.000Z";"2023-12-04T23:59:59.999Z";"2023-12-04T23:40:00.000Z";"2023-12-04T00:25:00.000Z";"2781";0.0856170355;0.0919542083;0.0854314726;0.0919401973;1364950606.58;13064788125.34;"2023-12-04T23:59:59.999Z"
"2023-12-03T00:00:00.000Z";"2023-12-03T23:59:59.999Z";"2023-12-03T01:25:00.000Z";"2023-12-03T15:22:00.000Z";"2781";0.0862827613;0.0871467243;0.0838898364;0.0856149672;550096320.67;12164812059.6;"2023-12-03T23:59:59.999Z"
"2023-12-02T00:00:00.000Z";"2023-12-02T23:59:59.999Z";"2023-12-02T23:40:00.000Z";"2023-12-02T15:07:00.000Z";"2781";0.0838557897;0.0864809871;0.0835484718;0.0862794128;462433972.75;12258058390.23;"2023-12-02T23:59:59.999Z"
"2023-12-01T00:00:00.000Z";"2023-12-01T23:59:59.999Z";"2023-12-01T07:05:00.000Z";"2023-12-01T01:05:00.000Z";"2781";0.0834140286;0.084907995;0.0825035948;0.0838565601;519429438.87;11912714621.65;"2023-12-01T23:59:59.999Z"
"2023-11-30T00:00:00.000Z";"2023-11-30T23:59:59.999Z";"2023-11-30T19:55:00.000Z";"2023-11-30T00:04:00.000Z";"2781";0.080598731;0.0842171008;0.0805369679;0.0834173477;645565938.14;11849212885.52;"2023-11-30T23:59:59.999Z"
"2023-11-29T00:00:00.000Z";"2023-11-29T23:59:59.999Z";"2023-11-29T12:49:00.000Z";"2023-11-29T10:46:00.000Z";"2781";0.0810044391;0.0828419677;0.0797860429;0.0805932905;596560786.21;11446973435.77;"2023-11-29T23:59:59.999Z"
"2023-11-28T00:00:00.000Z";"2023-11-28T23:59:59.999Z";"2023-11-28T23:58:00.000Z";"2023-11-28T06:02:00.000Z";"2781";0.0787919459;0.0810312183;0.0770369716;0.0810090324;618900677.81;11504931649.85;"2023-11-28T23:59:59.999Z"
"2023-11-27T00:00:00.000Z";"2023-11-27T23:59:59.999Z";"2023-11-27T08:14:00.000Z";"2023-11-27T20:37:00.000Z";"2781";0.0786897564;0.0813204542;0.0770893348;0.0787878345;743996999.21;11188404036.57;"2023-11-27T23:59:59.999Z"
"2023-11-26T00:00:00.000Z";"2023-11-26T23:59:59.999Z";"2023-11-26T00:26:00.000Z";"2023-11-26T16:37:00.000Z";"2781";0.0789521427;0.0789802057;0.0763458944;0.0787037428;343339847.78;11175392078.92;"2023-11-26T23:59:59.999Z"
"2023-11-25T00:00:00.000Z";"2023-11-25T23:59:59.999Z";"2023-11-25T03:46:00.000Z";"2023-11-25T11:46:00.000Z";"2781";0.0782158313;0.0791047188;0.077762908;0.0789545704;291859035.17;11209939611.33;"2023-11-25T23:59:59.999Z"
"2023-11-24T00:00:00.000Z";"2023-11-24T23:59:59.999Z";"2023-11-24T22:34:00.000Z";"2023-11-24T00:16:00.000Z";"2781";0.0761988478;0.0784285857;0.0761490786;0.0782166454;401116993.44;11104111037.65;"2023-11-24T23:59:59.999Z"
"2023-11-23T00:00:00.000Z";"2023-11-23T23:59:59.999Z";"2023-11-23T10:16:00.000Z";"2023-11-23T15:59:00.000Z";"2781";0.0757701295;0.0763482855;0.075161636;0.0762001417;279606814.69;10816818624.96;"2023-11-23T23:59:59.999Z"
"2023-11-22T00:00:00.000Z";"2023-11-22T23:59:59.999Z";"2023-11-22T21:33:00.000Z";"2023-11-22T00:01:00.000Z";"2781";0.0721143853;0.076561399;0.0718840441;0.0757838736;440962821.28;10756709691.39;"2023-11-22T23:59:59.999Z"
"2023-11-21T00:00:00.000Z";"2023-11-21T23:59:59.999Z";"2023-11-21T01:51:00.000Z";"2023-11-21T22:58:00.000Z";"2781";0.0778788637;0.078698282;0.0714921624;0.0721193038;860811107.35;10235599729.65;"2023-11-21T23:59:59.999Z"
"2023-11-20T00:00:00.000Z";"2023-11-20T23:59:59.999Z";"2023-11-20T12:23:00.000Z";"2023-11-20T23:54:00.000Z";"2781";0.0805752844;0.0820401978;0.0778159951;0.0778788577;668234221.49;11051975327.39;"2023-11-20T23:59:59.999Z"
"2023-11-19T00:00:00.000Z";"2023-11-19T23:59:59.999Z";"2023-11-19T23:58:00.000Z";"2023-11-19T15:16:00.000Z";"2781";0.0803950458;0.0805976593;0.0779844782;0.0805755775;620299419.48;11433604866.39;"2023-11-19T23:59:59.999Z"
"2023-11-18T00:00:00.000Z";"2023-11-18T23:59:59.999Z";"2023-11-18T00:13:00.000Z";"2023-11-18T14:49:00.000Z";"2781";0.0863269326;0.0863942278;0.079828991;0.0803832346;1340580446.93;11405225590.63;"2023-11-18T23:59:59.999Z"
"2023-11-17T00:00:00.000Z";"2023-11-17T23:59:59.999Z";"2023-11-17T10:02:00.000Z";"2023-11-17T00:02:00.000Z";"2781";0.0793261576;0.0870606454;0.0793230305;0.0863038695;2031597493.06;12244123838.21;"2023-11-17T23:59:59.999Z"
"2023-11-16T00:00:00.000Z";"2023-11-16T23:59:59.999Z";"2023-11-16T11:03:00.000Z";"2023-11-16T00:13:00.000Z";"2781";0.0763529052;0.0828366032;0.0760467593;0.0792767755;1563730283.52;11246080209.92;"2023-11-16T23:59:59.999Z"
"2023-11-15T00:00:00.000Z";"2023-11-15T23:59:59.999Z";"2023-11-15T22:50:00.000Z";"2023-11-15T00:04:00.000Z";"2781";0.0724562564;0.0764078254;0.0724185391;0.076355636;503454120.21;10830667209.95;"2023-11-15T23:59:59.999Z"
"2023-11-14T00:00:00.000Z";"2023-11-14T23:59:59.999Z";"2023-11-14T09:13:00.000Z";"2023-11-14T18:55:00.000Z";"2781";0.0747776435;0.0754272157;0.0702814983;0.0724574882;708265058.6;10276752523.62;"2023-11-14T23:59:59.999Z"
"2023-11-13T00:00:00.000Z";"2023-11-13T23:59:59.999Z";"2023-11-13T01:31:00.000Z";"2023-11-13T21:38:00.000Z";"2781";0.0779803756;0.0793979572;0.0741761269;0.0747822874;829471612.9;10605479402.29;"2023-11-13T23:59:59.999Z"
"2023-11-12T00:00:00.000Z";"2023-11-12T23:59:59.999Z";"2023-11-12T09:52:00.000Z";"2023-11-12T00:52:00.000Z";"2781";0.0784196905;0.07998055;0.0761435842;0.0779809339;727221576.43;11058064988.61;"2023-11-12T23:59:59.999Z"
"2023-11-11T00:00:00.000Z";"2023-11-11T23:59:59.999Z";"2023-11-11T14:52:00.000Z";"2023-11-11T04:32:00.000Z";"2781";0.0754452603;0.0816983312;0.0749223574;0.0784064813;1345253621.4;11117355841.92;"2023-11-11T23:59:59.999Z"
"2023-11-10T00:00:00.000Z";"2023-11-10T23:59:59.999Z";"2023-11-10T23:58:00.000Z";"2023-11-10T14:15:00.000Z";"2781";0.0734654343;0.0754538842;0.0731551347;0.0754444726;649733690.67;10696346548.16;"2023-11-10T23:59:59.999Z"
"2023-11-09T00:00:00.000Z";"2023-11-09T23:59:59.999Z";"2023-11-09T15:22:00.000Z";"2023-11-09T20:42:00.000Z";"2781";0.0754739821;0.0777358161;0.0705573113;0.0734608728;964429145.43;10414129674.54;"2023-11-09T23:59:59.999Z"
"2023-11-08T00:00:00.000Z";"2023-11-08T23:59:59.999Z";"2023-11-08T17:52:00.000Z";"2023-11-08T00:40:00.000Z";"2781";0.0735168329;0.0766813614;0.0730273519;0.0754814387;531673694.35;10699566881.81;"2023-11-08T23:59:59.999Z"
"2023-11-07T00:00:00.000Z";"2023-11-07T23:59:59.999Z";"2023-11-07T00:00:00.000Z";"2023-11-07T17:08:00.000Z";"2781";0.0763885975;0.0763885975;0.071897635;0.0735183059;789220960.24;10420302084.93;"2023-11-07T23:59:59.999Z"
"2023-11-06T00:00:00.000Z";"2023-11-06T23:59:59.999Z";"2023-11-06T23:58:00.000Z";"2023-11-06T05:32:00.000Z";"2781";0.0712236758;0.0763861473;0.0706211523;0.0763811724;707371163.99;10825049582.18;"2023-11-06T23:59:59.999Z"